docid	recipient_id	name
BC_1738_EMONTAGU_MB_1	#MB	Sir Francis Dashwood
BC_1738_EMONTAGU_MB_1	#MB	Sir Robert Austin
BC_1738_EMONTAGU_MB_1	#MB	Sir John Cotton
BC_1738_EMONTAGU_MB_1	#MB	Sir Robert Austin
BC_1738_EMONTAGU_MB_1	#MB	Sir Robert Austin
BC_1738_EMONTAGU_MB_1	#MB	Miss Dashwood
BC_1738_EMONTAGU_MB_2	#MB	Sir Wyndham Knatchbull
BC_1738_EMONTAGU_MB_2	#MB	Lord Dupplin
BC_1738_EMONTAGU_MB_2	#MB	Mrs Clive
BC_1738_EMONTAGU_MB_2	#MB	Sir Francis Dashwood
BC_1738_EMONTAGU_MB_2	#MB	Lord Westmorland
BC_1738_EMONTAGU_MB_2	#MB	Lady Austin
BC_1738_EMONTAGU_MB_2	#MB	Sir Robert
BC_1738_EMONTAGU_MB_2	#MB	Mrs Clark
BC_1738_EMONTAGU_MB_2	#MB	Lady Mary Wortly
BC_1738_EMONTAGU_MB_2	#MB	Lord Romney
BC_1738_EMONTAGU_MB_2	#MB	Lord Rockingham
BC_1738_EMONTAGU_MB_2	#MB	Mr Noel
BC_1738_EMONTAGU_MB_2	#MB	Mr Watson
BC_1738_EMONTAGU_MB_2	#MB	Lord Sherrar
BC_1738_EMONTAGU_MB_2	#MB	Lady Rockingham
BC_1738_EMONTAGU_MB_2	#MB	Lady Winchelsea
BC_1738_EMONTAGU_MB_2	#MB	Lady Winchelsea
BC_1738_EMONTAGU_MB_2	#MB	Miss Lucy
BC_1738_EMONTAGU_MB_2	#MB	Miss Patty Masters
BC_1739_EMONTAGU_MB	#MB	Lady Berkshire
BC_1739_EMONTAGU_MB	#MB	Lord Berkshire
BC_1739_EMONTAGU_MB	#MB	Mrs Howard
BC_1739_EMONTAGU_MB	#MB	Mr Tom Howard
BC_1739_EMONTAGU_MB	#MB	Lord Berkshire
BC_1739_EMONTAGU_MB	#MB	Mrs Grevile
BC_1739_EMONTAGU_MB	#MB	Lady Hereford
BC_1739_EMONTAGU_MB	#MB	Lady Susan Panter
BC_1739_EMONTAGU_MB	#MB	Lady Susan
BC_1739_EMONTAGU_MB	#MB	Lady Fanny Shirley
BC_1739_EMONTAGU_MB	#MB	Lady Ann Furnese
BC_1739_EMONTAGU_MB	#MB	Lady Anne Finch
BC_1739_EMONTAGU_MB	#MB	Lady Widdrington
BC_1739_EMONTAGU_MB	#MB	Miss Windsor
BC_1739_EMONTAGU_MB	#MB	Miss Gage
BC_1739_EMONTAGU_MB	#MB	Duchess of Norfolk
BC_1739_EMONTAGU_MB	#MB	Mrs Howard
BC_1739_EMONTAGU_MB	#MB	Lord Percival
BC_1739_EMONTAGU_MB	#MB	Lord Noel Somerset
BC_1739_EMONTAGU_MB	#MB	Mr Southell
BC_1739_EMONTAGU_MB	#MB	Lady Bab
BC_1739_EMONTAGU_MB	#MB	Mr Mansal
BC_1739_EMONTAGU_MB	#MB	Mrs Freind
BC_1739_EMONTAGU_MB	#MB	Sir Tommy
BC_1739_EMONTAGU_MB	#MB	Lady Wallingford
BC_1739_EMONTAGU_MB	#MB	Mr Achard
BC_1739_EMONTAGU_MB	#MB	Mr Anderton
BC_1740_EMONTAGU_AD_1	#AD	Mrs P
BC_1740_EMONTAGU_AD_1	#AD	Mr A
BC_1740_EMONTAGU_AD_1	#AD	Sir John St Aubin
BC_1740_EMONTAGU_AD_1	#AD	Mr Cottington
BC_1740_EMONTAGU_AD_1	#AD	Miss Grevile
BC_1740_EMONTAGU_AD_1	#AD	Mrs Price
BC_1740_EMONTAGU_AD_2	#AD	Mrs Donnellan
BC_1740_EMONTAGU_AD_2	#AD	Lady Kaye
BC_1740_EMONTAGU_AD_2	#AD	Lady North
BC_1740_EMONTAGU_AD_3	#AD	Lady Betty Modish
BC_1740_EMONTAGU_AD_3	#AD	Mrs Percival
BC_1740_EMONTAGU_AD_3	#AD	Mr Clark
BC_1740_EMONTAGU_AD_3	#AD	Dr Young
BC_1740_EMONTAGU_AD_4	#AD	Mrs Donnellan
BC_1740_EMONTAGU_AD_4	#AD	Dr Young
BC_1740_EMONTAGU_AD_4	#AD	Dr Clarke
BC_1740_EMONTAGU_AD_5	#AD	Dr Shaw
BC_1740_EMONTAGU_AD_5	#AD	Dr Clarke
BC_1740_EMONTAGU_AD_5	#AD	Dr Young
BC_1740_EMONTAGU_AD_5	#AD	Mr Clark
BC_1740_EMONTAGU_AD_5	#AD	Mrs Dewe
BC_1740_EMONTAGU_AD_5	#AD	Mr Clarke
BC_1740_EMONTAGU_ER_1	#ER	Mr Zinck
BC_1740_EMONTAGU_ER_1	#ER	Sir John Stanley
BC_1740_EMONTAGU_ER_1	#ER	Mrs Pendarve
BC_1740_EMONTAGU_ER_1	#ER	Sir John
BC_1740_EMONTAGU_ER_1	#ER	Dr Sandy
BC_1740_EMONTAGU_ER_1	#ER	Lady Wallingford
BC_1740_EMONTAGU_ER_1	#ER	Lord Oxford
BC_1740_EMONTAGU_ER_2	#ER	Lady Wallingford
BC_1740_EMONTAGU_ER_2	#ER	Lord Wallingford
BC_1740_EMONTAGU_ER_2	#ER	Mr Smelt
BC_1740_EMONTAGU_ER_2	#ER	Lord Lady North
BC_1740_EMONTAGU_ER_2	#ER	Lady North
BC_1740_EMONTAGU_ER_2	#ER	Mr Knight
BC_1740_EMONTAGU_ER_2	#ER	Mr Harley
BC_1740_EMONTAGU_ER_3	#ER	Mrs Knight
BC_1740_EMONTAGU_ER_3	#ER	Miss Brodnax
BC_1740_EMONTAGU_ER_4	#ER	Mr C
BC_1740_EMONTAGU_ER_4	#ER	Mr Sawbridge
BC_1740_EMONTAGU_ER_5	#ER	Miss Granville
BC_1740_EMONTAGU_ER_5	#ER	Lord Lansdown
BC_1740_EMONTAGU_ER_5	#ER	Miss Granville
BC_1740_EMONTAGU_ER_5	#ER	Miss Granville
BC_1740_EMONTAGU_ER_5	#ER	Lord Weymouth
BC_1740_EMONTAGU_ER_5	#ER	Mrs Hare
BC_1740_EMONTAGU_ER_5	#ER	Sir John Shadwell
BC_1740_EMONTAGU_ER_5	#ER	Lady Shadwell
BC_1740_EMONTAGU_ER_5	#ER	Lady Mary Wortley
BC_1740_EMONTAGU_ER_5	#ER	Lady Mary
BC_1740_EMONTAGU_ER_5	#ER	Mrs Clayton
BC_1740_EMONTAGU_ER_5	#ER	Miss Betty Fowler
BC_1740_EMONTAGU_ER_5	#ER	Mr Chaddock
BC_1740_EMONTAGU_ER_5	#ER	Mr Dane
BC_1740_EMONTAGU_ER_5	#ER	Duke of Leeds
BC_1740_EMONTAGU_ER_5	#ER	Duke of Newcastle
BC_1740_EMONTAGU_ER_5	#ER	Duchess of Newcastle
BC_1740_EMONTAGU_ER_5	#ER	Lady Mary Godolphin
BC_1740_EMONTAGU_ER_5	#ER	Mr Hay
BC_1740_EMONTAGU_ER_5	#ER	Duchess of Leeds
BC_1740_EMONTAGU_ER_5	#ER	Duchess of Marlbro
BC_1740_EMONTAGU_ER_5	#ER	Duke of Marlbro
BC_1740_EMONTAGU_MR_1	#MR	Lord Oxford
BC_1740_EMONTAGU_MR_1	#MR	Duke of Marlborough
BC_1740_EMONTAGU_MR_1	#MR	Lady Kaye
BC_1740_EMONTAGU_MR_1	#MR	Sir John
BC_1740_EMONTAGU_MR_1	#MR	Lady North
BC_1740_EMONTAGU_MR_1	#MR	Lady Clifton
BC_1740_EMONTAGU_MR_1	#MR	Lady Andover
BC_1740_EMONTAGU_MR_1	#MR	Mrs Botham
BC_1740_EMONTAGU_MR_1	#MR	Mr Botham
BC_1740_EMONTAGU_MR_1	#MR	Mr Botham
BC_1740_EMONTAGU_MR_1	#MR	Lord Lady Oxford
BC_1740_EMONTAGU_MR_1	#MR	Lady Oxford
BC_1740_EMONTAGU_MR_1	#MR	Lord Dupplin
BC_1740_EMONTAGU_MR_1	#MR	Mr John Hay
BC_1740_EMONTAGU_MR_2	#MR	Lord Oxford
BC_1740_EMONTAGU_MR_2	#MR	Dr Grey
BC_1740_EMONTAGU_MR_2	#MR	Lord Oxford
BC_1740_EMONTAGU_MR_3	#MR	Mrs Pendarve
BC_1740_EMONTAGU_MR_3	#MR	Dr Mead
BC_1740_EMONTAGU_MR_3	#MR	Miss Nanny Gore
BC_1740_EMONTAGU_MR_3	#MR	Lord Foley
BC_1740_EMONTAGU_MR_3	#MR	Mr Harley
BC_1740_EMONTAGU_MR_4	#MR	Lady Bell
BC_1740_EMONTAGU_SS_1	#SS	Lord Oxford
BC_1740_EMONTAGU_SS_1	#SS	Lord Foley
BC_1740_EMONTAGU_SS_1	#SS	Mrs Pendarve
BC_1740_EMONTAGU_SS_1	#SS	Lord Dupplin
BC_1740_EMONTAGU_SS_1	#SS	Lord George Fidget
BC_1740_EMONTAGU_SS_1	#SS	Lord Howard
BC_1740_EMONTAGU_SS_1	#SS	Miss Cesar
BC_1740_EMONTAGU_SS_1	#SS	Mr Granville
BC_1740_EMONTAGU_SS_1	#SS	Miss Tatton
BC_1740_EMONTAGU_SS_1	#SS	Mr Hay
BC_1740_EMONTAGU_SS_1	#SS	Miss Cesar
BC_1740_EMONTAGU_SS_1	#SS	Sir Tommy
BC_1740_EMONTAGU_SS_1	#SS	Miss Cesar
BC_1740_EMONTAGU_SS_1	#SS	Mr Hay
BC_1740_EMONTAGU_SS_1	#SS	Mrs Pendarve
BC_1740_EMONTAGU_SS_1	#SS	Lady Wallingford
BC_1740_EMONTAGU_SS_1	#SS	Lord Wallingford
BC_1740_EMONTAGU_SS_1	#SS	Mrs Delme
BC_1740_EMONTAGU_SS_2	#SS	Mr Achard
BC_1740_EMONTAGU_SS_2	#SS	Lord George Bentinck
BC_1740_EMONTAGU_SS_2	#SS	Lady Throckmorton
BC_1740_EMONTAGU_SS_2	#SS	Mrs Collinwood
BC_1740_EMONTAGU_SS_2	#SS	Sir Robert Throc
BC_1740_EMONTAGU_SS_2	#SS	Lord Harrington
BC_1740_EMONTAGU_SS_2	#SS	Lord Wallingford
BC_1740_EMONTAGU_SS_2	#SS	Lady W
BC_1740_EMONTAGU_SS_2	#SS	Mrs Pendarve
BC_1740_EMONTAGU_SS_2	#SS	Mr Mrs Freind
BC_1740_EMONTAGU_SS_2	#SS	Mrs Freind
BC_1740_EMONTAGU_SS_3	#SS	Mrs Freind
BC_1740_EMONTAGU_SS_4	#SS	Lord Lady Oxford
BC_1740_EMONTAGU_SS_4	#SS	Lady Oxford
BC_1740_EMONTAGU_SS_4	#SS	Lady Ferrers
BC_1740_EMONTAGU_SS_5	#SS	Mrs Miss Bahnly
BC_1740_EMONTAGU_SS_5	#SS	Miss Bahnly
BC_1740_EMONTAGU_SS_5	#SS	Mrs Botham
BC_1740_EMONTAGU_SS_6	#SS	Dr Young
BC_1740_EMONTAGU_SS_6	#SS	Lady Bolton
BC_1740_EMONTAGU_SS_6	#SS	Mr Hately
BC_1740_EMONTAGU_WF	#WF	Mrs Freind
BC_1740_EMONTAGU_WF	#WF	Mrs Freind
BC_1740_EMONTAGU_WF	#WF	Miss Grinfeild
BC_1740_EMONTAGU_WF	#WF	Mrs Freind
BC_1741_EMONTAGU_ER	#ER	Dr Lee
BC_1741_EMONTAGU_ER	#ER	Dr Lee Earle
BC_1741_EMONTAGU_ER	#ER	Lord Percival
BC_1741_EMONTAGU_ER	#ER	Sir R
BC_1741_EMONTAGU_ER	#ER	Sir R
BC_1741_EMONTAGU_ER	#ER	Mr Spenser
BC_1741_EMONTAGU_ER	#ER	Dr Young
BC_1741_EMONTAGU_ER	#ER	Mr Horner
BC_1741_EMONTAGU_ER	#ER	Lady Ilchester
BC_1741_EMONTAGU_ER	#ER	Lord Ilchester
BC_1741_EMONTAGU_ER	#ER	Mrs Horner
BC_1741_EMONTAGU_SS	#SS	Miss Knatchbull
BC_1741_EMONTAGU_SS	#SS	Mrs Sawbridge
BC_1741_EMONTAGU_SS	#SS	Miss Brodnax
BC_1741_EMONTAGU_SS	#SS	Mr Jacob Sawbridge
BC_1742_EMONTAGU_ED_1	#ED	Lady Graham
BC_1742_EMONTAGU_ED_1	#ED	Sir Reginald
BC_1742_EMONTAGU_ED_1	#ED	Lord Castlecomar
BC_1742_EMONTAGU_ED_1	#ED	Mrs Carter
BC_1742_EMONTAGU_ED_1	#ED	Lady Graham
BC_1742_EMONTAGU_ED_1	#ED	Mr Carter
BC_1742_EMONTAGU_ED_1	#ED	Mr Carter
BC_1742_EMONTAGU_ED_2	#ED	Mr Carter
BC_1742_EMONTAGU_ED_2	#ED	Lord Aylesbury
BC_1742_EMONTAGU_ED_2	#ED	Mr Edward Carter
BC_1742_EMONTAGU_ED_2	#ED	Mrs Carter
BC_1742_EMONTAGU_ED_2	#ED	Mr Carter
BC_1742_EMONTAGU_ED_2	#ED	Mr Isaacson
BC_1742_EMONTAGU_ED_2	#ED	Mr Grey
BC_1742_EMONTAGU_ED_3	#ED	Mr Wilson
BC_1742_EMONTAGU_ED_3	#ED	Dr Middleton
BC_1742_EMONTAGU_ED_3	#ED	Mrs Donnellan
BC_1742_EMONTAGU_ED_3	#ED	Dr Middleton
BC_1742_EMONTAGU_ED_4	#ED	Mr Ed Carter
BC_1742_EMONTAGU_ED_4	#ED	Mr Carter
BC_1742_EMONTAGU_ED_4	#ED	Duke of Portland
BC_1742_EMONTAGU_MB_1	#MB	Mr Montagu
BC_1742_EMONTAGU_MB_1	#MB	Mr Freind
BC_1742_EMONTAGU_MB_1	#MB	Mr Montagu
BC_1742_EMONTAGU_MB_1	#MB	Mr Montagu
BC_1742_EMONTAGU_MB_2	#MB	Duchess of Portland
BC_1742_EMONTAGU_MB_2	#MB	Lord Dupp
BC_1742_EMONTAGU_MB_2	#MB	Lady Andover
BC_1742_EMONTAGU_MB_2	#MB	Lady Belllope
BC_1742_EMONTAGU_MB_2	#MB	Mr Montagu
BC_1742_EMONTAGU_MB_3	#MB	Lady Oxford
BC_1742_EMONTAGU_MB_3	#MB	Lady Oxford
BC_1742_EMONTAGU_MB_3	#MB	Lady C R
BC_1742_EMONTAGU_MB_3	#MB	Mr Tattle
BC_1742_EMONTAGU_MB_3	#MB	Mrs Percival
BC_1742_EMONTAGU_MB_3	#MB	Lady Oxford
BC_1742_EMONTAGU_MB_3	#MB	Lady Oxford
BC_1742_EMONTAGU_MB_3	#MB	Mr Montagu
BC_1742_EMONTAGU_MB_3	#MB	Mr Achard
BC_1742_EMONTAGU_MB_4	#MB	Mr Montagu
BC_1742_EMONTAGU_MB_4	#MB	Dr Sandy
BC_1742_EMONTAGU_MR	#MR	Lord Cartaret
BC_1742_EMONTAGU_MR	#MR	Lord Carslile
BC_1742_EMONTAGU_MR	#MR	Lord Westmorland
BC_1742_EMONTAGU_MR	#MR	Lord Carslile
BC_1742_EMONTAGU_MR	#MR	Lord Hallifax
BC_1742_EMONTAGU_MR	#MR	Lord Cartaret
BC_1742_EMONTAGU_MR	#MR	Lord Talbot
BC_1742_EMONTAGU_MR	#MR	Duke of Marbrough
BC_1742_EMONTAGU_MR	#MR	Sir Robert
BC_1742_EMONTAGU_MR	#MR	Lord Cornbury
BC_1742_EMONTAGU_MR	#MR	Mr Harley
BC_1742_EMONTAGU_MR	#MR	Sir R
BC_1742_EMONTAGU_MR	#MR	Mr Skippen
BC_1742_EMONTAGU_MR	#MR	Mr Sandy
BC_1742_EMONTAGU_MR	#MR	Mr Ste Fox
BC_1743_EMONTAGU_ED	#ED	Duchess of Portland
BC_1743_EMONTAGU_ED	#ED	Lady Wearg
BC_1743_EMONTAGU_ED	#ED	Mr Medows
BC_1743_EMONTAGU_ED	#ED	Mr Isaacson
BC_1744_EMONTAGU_AD	#AD	Sir William Temple
BC_1744_EMONTAGU_AD	#AD	Sir W Temple
BC_1744_EMONTAGU_AD	#AD	Mr Montagu
BC_1744_EMONTAGU_AD	#AD	Mrs Dettemere
BC_1744_EMONTAGU_AD	#AD	Duchess of Portland
BC_1744_EMONTAGU_AD	#AD	Mr Mrs Percival
BC_1744_EMONTAGU_AD	#AD	Mrs Percival
BC_1744_EMONTAGU_AD	#AD	Dr Donnellan
BC_1744_EMONTAGU_MB	#MB	Mr Montagu
BC_1746_EMONTAGU_AD	#AD	Duchess of Portland
BC_1746_EMONTAGU_AD	#AD	Mrs Delany
BC_1746_EMONTAGU_AD	#AD	Mrs Donnellan
BC_1746_EMONTAGU_AD	#AD	Miss Granville
BC_1746_EMONTAGU_AD	#AD	Mrs Fidget
BC_1747_EMONTAGU_ED	#ED	Mrs Donnellan
BC_1747_EMONTAGU_ED	#ED	Mr Carter
BC_1747_EMONTAGU_ED	#ED	Mrs Medows
BC_1747_EMONTAGU_ED	#ED	Mr Timbrel
BC_1747_EMONTAGU_ED	#ED	Mr Newton
BC_1747_EMONTAGU_ED	#ED	Duke of Montagu
BC_1747_EMONTAGU_ED	#ED	Mr Vol
BC_1747_EMONTAGU_MB_1	#MB	Mrs Donnellan
BC_1747_EMONTAGU_MB_1	#MB	Mrs Ann Walton
BC_1747_EMONTAGU_MB_1	#MB	Mrs Warren
BC_1747_EMONTAGU_MB_1	#MB	Mrs Honywood
BC_1747_EMONTAGU_MB_1	#MB	Mrs Honywood
BC_1747_EMONTAGU_MB_1	#MB	Mrs Hassel
BC_1747_EMONTAGU_MB_1	#MB	Lord Stawel
BC_1747_EMONTAGU_MB_1	#MB	Mrs Honywood
BC_1747_EMONTAGU_MB_1	#MB	Mrs Hassel
BC_1747_EMONTAGU_MB_1	#MB	Mrs Warren
BC_1747_EMONTAGU_MB_1	#MB	Mrs Donnellan
BC_1747_EMONTAGU_MB_1	#MB	Mr Sloper
BC_1747_EMONTAGU_MB_1	#MB	Mr Sloper
BC_1747_EMONTAGU_MB_1	#MB	Mr Cibber
BC_1747_EMONTAGU_MB_1	#MB	Mrs Donnellan
BC_1747_EMONTAGU_MB_1	#MB	Dr Courayer
BC_1747_EMONTAGU_MB_1	#MB	Mrs Donnellan
BC_1747_EMONTAGU_MB_1	#MB	Dr Courayer
BC_1747_EMONTAGU_MB_1	#MB	Mrs Donnellan
BC_1747_EMONTAGU_MB_1	#MB	Dr Courayer
BC_1747_EMONTAGU_MB_1	#MB	Mr Achard
BC_1747_EMONTAGU_MB_2	#MB	Lord Titchfield
BC_1747_EMONTAGU_MB_2	#MB	Lady Fane
BC_1747_EMONTAGU_MB_2	#MB	Lady Fane
BC_1747_EMONTAGU_MB_2	#MB	Lord Fane
BC_1747_EMONTAGU_MB_2	#MB	Sir Robert Sutton
BC_1747_EMONTAGU_MB_2	#MB	Mrs Donnellan
BC_1747_EMONTAGU_MB_2	#MB	Dr Pocock
BC_1747_EMONTAGU_MB_2	#MB	Lord Tichefield
BC_1747_EMONTAGU_MB_2	#MB	Mrs Donnellan
BC_1747_EMONTAGU_MB_2	#MB	Mrs Southwell
BC_1747_EMONTAGU_MB_2	#MB	Dr Courayer
BC_1747_EMONTAGU_MB_2	#MB	Mr Montagu
BC_1747_EMONTAGU_MB_3	#MB	Lord Titchfield
BC_1747_EMONTAGU_MB_3	#MB	Lord Edward
BC_1747_EMONTAGU_MB_3	#MB	Mr Dummer
BC_1747_EMONTAGU_MB_3	#MB	Mr Dummer
BC_1747_EMONTAGU_MB_3	#MB	Lord Peterborough
BC_1747_EMONTAGU_MB_3	#MB	Mr Pope
BC_1747_EMONTAGU_MB_3	#MB	Duke of Bedford
BC_1747_EMONTAGU_MB_3	#MB	Mr Medows
BC_1747_EMONTAGU_MB_3	#MB	Lord Hartford
BC_1747_EMONTAGU_MB_3	#MB	Lady Hartford
BC_1747_EMONTAGU_MB_3	#MB	Lord Bruce
BC_1747_EMONTAGU_MB_3	#MB	Mrs Best
BC_1747_EMONTAGU_MB_3	#MB	Dr Courayer
BC_1747_EMONTAGU_MB_3	#MB	Mr Montagu
BC_1747_EMONTAGU_MB_3	#MB	Mr Achard
BC_1748_EMONTAGU_AD_1	#AD	Mr Montagu
BC_1748_EMONTAGU_AD_1	#AD	Lady Bateman
BC_1748_EMONTAGU_AD_1	#AD	Lady Albemarle
BC_1748_EMONTAGU_AD_1	#AD	Lady Huntingdon
BC_1748_EMONTAGU_AD_1	#AD	Lady Lucy
BC_1748_EMONTAGU_AD_1	#AD	Lady Jane Stanhope
BC_1748_EMONTAGU_AD_1	#AD	Mrs Pitt
BC_1748_EMONTAGU_AD_1	#AD	Lady Portland
BC_1748_EMONTAGU_AD_1	#AD	Lady B Egerton
BC_1748_EMONTAGU_AD_1	#AD	Lady Sophia Grey
BC_1748_EMONTAGU_AD_1	#AD	Duchess of Kent
BC_1748_EMONTAGU_AD_1	#AD	Duke of Bolton
BC_1748_EMONTAGU_AD_1	#AD	Mrs Beswick
BC_1748_EMONTAGU_AD_1	#AD	Mrs Pit
BC_1748_EMONTAGU_AD_1	#AD	Mrs G Trevor
BC_1748_EMONTAGU_AD_1	#AD	Lady Lucy Stanhope
BC_1748_EMONTAGU_AD_1	#AD	Mrs Pitt
BC_1748_EMONTAGU_AD_1	#AD	Mrs Freind
BC_1748_EMONTAGU_AD_1	#AD	Mr Freind
BC_1748_EMONTAGU_AD_1	#AD	Mrs Knight
BC_1748_EMONTAGU_AD_1	#AD	Miss Chudleigh
BC_1748_EMONTAGU_AD_1	#AD	Mr Montagu
BC_1748_EMONTAGU_AD_1	#AD	Miss Grinfeild
BC_1748_EMONTAGU_AD_1	#AD	Mr Mrs Percival
BC_1748_EMONTAGU_AD_1	#AD	Mrs Percival
BC_1748_EMONTAGU_AD_2	#AD	Dr Middleton
BC_1748_EMONTAGU_AD_2	#AD	Mr Montagu
BC_1748_EMONTAGU_AD_2	#AD	Mrs Percival
BC_1748_EMONTAGU_SS	#SS	Mr Dettemere
BC_1748_EMONTAGU_SS	#SS	Miss Grinfield
BC_1748_EMONTAGU_SS	#SS	Dr Shaw
BC_1748_EMONTAGU_SS	#SS	Lord Lady Sandwich
BC_1748_EMONTAGU_SS	#SS	Lady Sandwich
BC_1748_EMONTAGU_SS	#SS	Mr Flower
BC_1748_EMONTAGU_SS	#SS	Lady Bab
BC_1749_EMONTAGU_LB	#LB	Duchess of Chandos
BC_1749_EMONTAGU_LB	#LB	Sir George
BC_1749_EMONTAGU_LB	#LB	Lord T
BC_1749_EMONTAGU_LB	#LB	Sir G
BC_1749_EMONTAGU_LB	#LB	Sir G
BC_1749_EMONTAGU_LB	#LB	Lady Mary C
BC_1749_EMONTAGU_LB	#LB	Lord L
BC_1749_EMONTAGU_LB	#LB	Lord Burlington
BC_1749_EMONTAGU_LB	#LB	Lady Stratford
BC_1749_EMONTAGU_LB	#LB	Lady Mary
BC_1749_EMONTAGU_LB	#LB	Lord L
BC_1749_EMONTAGU_LB	#LB	Lord C
BC_1749_EMONTAGU_LB	#LB	Lord C
BC_1749_EMONTAGU_LB	#LB	Lady Mary
BC_1749_EMONTAGU_LB	#LB	Lord C
BC_1749_EMONTAGU_LB	#LB	Lord L
BC_1749_EMONTAGU_LB	#LB	Mr Mirepoise
BC_1749_EMONTAGU_LB	#LB	Lord Chesterfield
BC_1749_EMONTAGU_LB	#LB	Lady Seymour
BC_1749_EMONTAGU_LB	#LB	Miss Carpenter
BC_1749_EMONTAGU_LB	#LB	Sir George Savile
BC_1749_EMONTAGU_LB	#LB	Miss Anstey
BC_1749_EMONTAGU_LB	#LB	Mr Montagu
BC_1749_EMONTAGU_SS	#SS	Mr Montagu
BC_1749_EMONTAGU_SS	#SS	Mr Montagu
BC_1749_EMONTAGU_SS	#SS	Mrs Cote
BC_1749_EMONTAGU_SS	#SS	Mrs Knight
BC_1749_EMONTAGU_SS	#SS	Lady Bab
BC_1749_EMONTAGU_SS	#SS	Dr Hebberden
BC_1749_EMONTAGU_SS	#SS	Mr Hemet
BC_1749_EMONTAGU_SS	#SS	Lady Bab
BC_1749_EMONTAGU_SS	#SS	Lady Bab
BC_1749_EMONTAGU_SS	#SS	Mrs Botham
BC_1749_EMONTAGU_SS	#SS	Mrs Delany
BC_1749_EMONTAGU_SS	#SS	Mrs Yorke
BC_1749_EMONTAGU_SS	#SS	Mr Montagu
BC_1749_EMONTAGU_SS	#SS	Lady Bab
BC_1750_EMONTAGU_LB_1	#LB	Dr Monroe
BC_1750_EMONTAGU_LB_1	#LB	Lord Winchelsea
BC_1750_EMONTAGU_LB_1	#LB	Lord Canarvon
BC_1750_EMONTAGU_LB_1	#LB	Mr Montagu
BC_1750_EMONTAGU_LB_2	#LB	Lady Stratford
BC_1750_EMONTAGU_LB_2	#LB	Duke of Ancaster
BC_1750_EMONTAGU_LB_2	#LB	Miss Panton
BC_1750_EMONTAGU_LB_2	#LB	Mr Bathurst
BC_1750_EMONTAGU_LB_2	#LB	Lady Selena
BC_1750_EMONTAGU_LB_2	#LB	Miss Evelyn
BC_1750_EMONTAGU_LB_2	#LB	Mr Montagu
BC_1750_EMONTAGU_SS_1	#SS	Lady Sandwich
BC_1750_EMONTAGU_SS_1	#SS	Lady Sandwich
BC_1750_EMONTAGU_SS_1	#SS	Lord Hinchingbroke
BC_1750_EMONTAGU_SS_1	#SS	Dr Anstey
BC_1750_EMONTAGU_SS_1	#SS	Miss Anstey
BC_1750_EMONTAGU_SS_1	#SS	Mrs Southwell
BC_1750_EMONTAGU_SS_1	#SS	Mrs Friend
BC_1750_EMONTAGU_SS_1	#SS	Mr Morgan
BC_1750_EMONTAGU_SS_1	#SS	Mr Montagu
BC_1750_EMONTAGU_SS_1	#SS	Lady Bab
BC_1750_EMONTAGU_SS_1	#SS	Mrs Soted
BC_1750_EMONTAGU_SS_1	#SS	Mr Mrs Ellis
BC_1750_EMONTAGU_SS_1	#SS	Mrs Ellis
BC_1750_EMONTAGU_SS_2	#SS	Lady Bab
BC_1750_EMONTAGU_SS_2	#SS	Lady Bab
BC_1750_EMONTAGU_SS_2	#SS	Mr Montagu
BC_1750_EMONTAGU_SS_2	#SS	Lady Bab
BC_1753_EMONTAGU_FB	#FB	Mrs Boscawen
BC_1753_EMONTAGU_FB	#FB	Mrs Boscawen
BC_1753_EMONTAGU_FB	#FB	Mr Pitt
BC_1753_EMONTAGU_FB	#FB	Mrs Miss West
BC_1753_EMONTAGU_FB	#FB	Miss West
BC_1753_EMONTAGU_FB	#FB	Mr Pitt
BC_1753_EMONTAGU_FB	#FB	Mr West
BC_1753_EMONTAGU_FB	#FB	Mr Pope
BC_1753_EMONTAGU_FB	#FB	Mrs Boscawen
BC_1753_EMONTAGU_FB	#FB	Mrs West
BC_1753_EMONTAGU_FB	#FB	Mr Montagu
BC_1753_EMONTAGU_FB	#FB	Dr Shaw
BC_1753_EMONTAGU_FB	#FB	Mr Montagu
BC_1753_EMONTAGU_FB	#FB	Mr Pitt
BC_1753_EMONTAGU_FB	#FB	Mr Montagu
BC_1753_EMONTAGU_FB	#FB	Mr West
BC_1753_EMONTAGU_FB	#FB	Mr Botham
BC_1753_EMONTAGU_FB	#FB	Mrs Boscawen
BC_1753_EMONTAGU_GW	#GW	Mr Pitt
BC_1753_EMONTAGU_GW	#GW	Mr Botham
BC_1753_EMONTAGU_GW	#GW	Mr Botham
BC_1753_EMONTAGU_GW	#GW	Mr Montagu
BC_1753_EMONTAGU_GW	#GW	Mrs West
BC_1756_EMONTAGU_CL	#CL	Miss West
BC_1756_EMONTAGU_CL	#CL	Mr West
BC_1756_EMONTAGU_CL	#CL	Miss West
BC_1756_EMONTAGU_CL	#CL	Miss West
BC_1756_EMONTAGU_CL	#CL	Mr Boscawen
BC_1756_EMONTAGU_CL	#CL	Mrs Boscawen
BC_1756_EMONTAGU_CL	#CL	Miss Pitt
BC_1756_EMONTAGU_CL	#CL	Mrs Nedham
BC_1756_EMONTAGU_CL	#CL	Mr Pitt
BC_1756_EMONTAGU_CL	#CL	Lord Feversham
BC_1756_EMONTAGU_CL	#CL	Mr Bower
BC_1756_EMONTAGU_CL	#CL	Mrs Pococke
BC_1756_EMONTAGU_CL	#CL	Sir George Lyttelton
BC_1756_EMONTAGU_CL	#CL	Miss Lyttelton
BC_1756_EMONTAGU_CL	#CL	Miss West
BC_1757_EMONTAGU_BS	#BS	Lord Lyttelton
BC_1757_EMONTAGU_BS	#BS	Lord Lyttelton
BC_1757_EMONTAGU_BS	#BS	Dr Monsey
BC_1757_EMONTAGU_BS	#BS	Mrs Price
BC_1757_EMONTAGU_BS	#BS	Mr Gray
BC_1757_EMONTAGU_BS	#BS	Mr Morris
BC_1757_EMONTAGU_BS	#BS	Mrs Boscawen
BC_1757_EMONTAGU_BS	#BS	Mr Stillingfleet
BC_1757_EMONTAGU_BS	#BS	Mr Price
BC_1757_EMONTAGU_ED	#ED	Mr Morris
BC_1757_EMONTAGU_ED	#ED	Mrs Southwell
BC_1758_EMONTAGU_BS_1	#BS	Mr Boscawen
BC_1758_EMONTAGU_BS_1	#BS	Lord Keeper
BC_1758_EMONTAGU_BS_1	#BS	Lord Chancellor
BC_1758_EMONTAGU_BS_1	#BS	Lord Temple
BC_1758_EMONTAGU_BS_1	#BS	Lord Lyttelton
BC_1758_EMONTAGU_BS_1	#BS	Lord Mansfield
BC_1758_EMONTAGU_BS_1	#BS	Lord Hardwicke
BC_1758_EMONTAGU_BS_1	#BS	Mr Pitt
BC_1758_EMONTAGU_BS_1	#BS	Mr Beckford
BC_1758_EMONTAGU_BS_1	#BS	Lord Royston
BC_1758_EMONTAGU_BS_1	#BS	Mr Pitt
BC_1758_EMONTAGU_BS_1	#BS	Mr Beckford
BC_1758_EMONTAGU_BS_1	#BS	Lady F Williams
BC_1758_EMONTAGU_BS_1	#BS	Mr Emin
BC_1758_EMONTAGU_BS_1	#BS	Lord Chesterfield
BC_1758_EMONTAGU_BS_1	#BS	Mrs Mille
BC_1758_EMONTAGU_BS_1	#BS	Mr Arnold
BC_1758_EMONTAGU_BS_2	#BS	Dr Monsey
BC_1758_EMONTAGU_BS_2	#BS	Mr Rogers
BC_1758_EMONTAGU_BS_2	#BS	Mr Rogers
BC_1758_EMONTAGU_BS_2	#BS	Mr Montagu
BC_1758_EMONTAGU_BS_2	#BS	Mr Rogers
BC_1758_EMONTAGU_BS_2	#BS	Mr Mrs Torriano
BC_1758_EMONTAGU_BS_2	#BS	Mrs Torriano
BC_1758_EMONTAGU_BS_2	#BS	Mr Torriano
BC_1758_EMONTAGU_BS_2	#BS	Mr Mrs Price
BC_1758_EMONTAGU_BS_2	#BS	Mrs Price
BC_1758_EMONTAGU_BS_2	#BS	Lady Sophia Egerton
BC_1758_EMONTAGU_BS_2	#BS	Mrs Boscawen
BC_1758_EMONTAGU_BS_2	#BS	Mrs Price
BC_1758_EMONTAGU_BS_2	#BS	Mr Montagu
BC_1758_EMONTAGU_ED_2	#ED	Mr Charles Montagu
BC_1758_EMONTAGU_ED_2	#ED	Lord Edgecumbe
BC_1758_EMONTAGU_ED_2	#ED	Mr C Montagu
BC_1758_EMONTAGU_ED_2	#ED	Mr Archer
BC_1758_EMONTAGU_ED_2	#ED	Mrs Montagu
BC_1758_EMONTAGU_ED_2	#ED	Lady F Williams
BC_1758_EMONTAGU_ED_2	#ED	Mrs Bowe
BC_1758_EMONTAGU_ED_2	#ED	Lady F Burgoigne
BC_1758_EMONTAGU_ED_2	#ED	Mr Pitt
BC_1758_EMONTAGU_ED_3	#ED	Mr Archdeacon
BC_1758_EMONTAGU_ED_3	#ED	Mr Isaacson
BC_1758_EMONTAGU_ED_3	#ED	Mr Arch
BC_1758_EMONTAGU_ED_3	#ED	Mr Garker
BC_1758_EMONTAGU_ED_3	#ED	Sir Thomas Clavering
BC_1758_EMONTAGU_ED_3	#ED	Lord Oxford
BC_1758_EMONTAGU_ED_3	#ED	Lord Bruce
BC_1758_EMONTAGU_ED_3	#ED	Mrs Robinson
BC_1758_EMONTAGU_GL_1	#GL	Dr Monsey
BC_1758_EMONTAGU_GL_1	#GL	Mr Montagu
BC_1758_EMONTAGU_GL_1	#GL	Sir Robert Clifton
BC_1758_EMONTAGU_GL_1	#GL	Sir R Clifton
BC_1758_EMONTAGU_GL_2	#GL	Lord Lyttelton
BC_1758_EMONTAGU_GL_2	#GL	Mr Montagu
BC_1758_EMONTAGU_SS_1	#SS	Dr Askew
BC_1758_EMONTAGU_SS_1	#SS	Mr Montagu
BC_1758_EMONTAGU_SS_1	#SS	Lady Bab
BC_1758_EMONTAGU_SS_1	#SS	Dr Askew
BC_1758_EMONTAGU_SS_1	#SS	Mr Montagu
BC_1758_EMONTAGU_SS_1	#SS	Dr Askew
BC_1758_EMONTAGU_SS_2	#SS	Mr Montagu
BC_1758_EMONTAGU_SS_2	#SS	Mr Montagu
BC_1758_EMONTAGU_SS_2	#SS	Mr Tom Pitt
BC_1758_EMONTAGU_SS_2	#SS	Miss Pitt
BC_1758_EMONTAGU_SS_2	#SS	Mr Montagu
BC_1758_EMONTAGU_SS_2	#SS	Miss Mary Pitt
BC_1758_EMONTAGU_SS_2	#SS	Mrs Ann
BC_1758_EMONTAGU_SS_2	#SS	Mr Montagu
BC_1758_EMONTAGU_SS_2	#SS	Mr Rogers
BC_1758_EMONTAGU_SS_2	#SS	Mr Montagu
BC_1758_EMONTAGU_SS_2	#SS	Lady Bab
BC_1758_EMONTAGU_SS_2	#SS	Mrs P
BC_1758_EMONTAGU_SS_2	#SS	Mr A
BC_1758_EMONTAGU_SS_3	#SS	Mrs Patello
BC_1758_EMONTAGU_SS_3	#SS	Mr Scott
BC_1758_EMONTAGU_SS_3	#SS	Mrs Sawbridge
BC_1758_EMONTAGU_SS_3	#SS	Mr Ford
BC_1758_EMONTAGU_SS_3	#SS	Dr Shaw
BC_1758_EMONTAGU_SS_3	#SS	Sir Sidney Smith
BC_1758_EMONTAGU_SS_3	#SS	Mrs Morgan
BC_1759_EMONTAGU_EC_1	#EC	Miss Talbot
BC_1759_EMONTAGU_EC_1	#EC	Miss Betsy Carter
BC_1759_EMONTAGU_EC_1	#EC	Mrs Pitt
BC_1759_EMONTAGU_EC_1	#EC	Mrs Pitt
BC_1759_EMONTAGU_EC_1	#EC	Mr Mason
BC_1759_EMONTAGU_EC_1	#EC	Mrs Miss Talbot
BC_1759_EMONTAGU_EC_1	#EC	Miss Talbot
BC_1759_EMONTAGU_EC_1	#EC	Mrs Pitt
BC_1759_EMONTAGU_EC_1	#EC	Lord Northampton
BC_1759_EMONTAGU_EC_2	#EC	Mrs Talbot
BC_1759_EMONTAGU_EC_2	#EC	Miss Talbot
BC_1759_EMONTAGU_EC_2	#EC	Miss Carter
BC_1759_EMONTAGU_EC_2	#EC	Mrs Pitt
BC_1759_EMONTAGU_EC_2	#EC	Miss Carter
BC_1759_EMONTAGU_EC_2	#EC	Mr Montagu
BC_1759_EMONTAGU_EC_2	#EC	Lady Essex
BC_1759_EMONTAGU_EC_2	#EC	Lady Frances Williams
BC_1759_EMONTAGU_EC_2	#EC	Lady Essex
BC_1759_EMONTAGU_EC_2	#EC	Lady France
BC_1759_EMONTAGU_EC_2	#EC	Lord Bolingbroke
BC_1759_EMONTAGU_EC_2	#EC	Miss Talbot
BC_1759_EMONTAGU_EC_3	#EC	Miss Carter
BC_1759_EMONTAGU_EC_3	#EC	Miss Carter
BC_1759_EMONTAGU_EC_3	#EC	Mrs Montagu
BC_1759_EMONTAGU_EC_3	#EC	Miss Carter
BC_1759_EMONTAGU_EC_3	#EC	Miss Carter
BC_1759_EMONTAGU_EC_3	#EC	Mr D'Alembert
BC_1759_EMONTAGU_EC_3	#EC	Dr Newton
BC_1759_EMONTAGU_EC_3	#EC	Dr Newton
BC_1759_EMONTAGU_EC_3	#EC	Lord Lyttelton
BC_1759_EMONTAGU_EC_3	#EC	Lord Lyttelton
BC_1759_EMONTAGU_EC_3	#EC	Mr Burke
BC_1759_EMONTAGU_EC_3	#EC	Dr Newton
BC_1759_EMONTAGU_EC_3	#EC	Mr Burke
BC_1759_EMONTAGU_EC_3	#EC	Mr Pope
BC_1759_EMONTAGU_EC_3	#EC	Miss Talbot
BC_1759_EMONTAGU_EC_3	#EC	Mr Leland
BC_1759_EMONTAGU_EC_4	#EC	Miss Carter
BC_1759_EMONTAGU_EC_4	#EC	Mr Montagu
BC_1759_EMONTAGU_EC_4	#EC	Mr Montagu
BC_1759_EMONTAGU_EC_4	#EC	Miss Talbot
BC_1759_EMONTAGU_EC_4	#EC	Lady Frances Williams
BC_1759_EMONTAGU_EC_4	#EC	Lady Essex
BC_1759_EMONTAGU_EC_4	#EC	Mr Burke
BC_1759_EMONTAGU_EC_4	#EC	Mr Burke
BC_1759_EMONTAGU_EC_4	#EC	Miss Talbot
BC_1759_EMONTAGU_EC_4	#EC	Miss Carter
BC_1759_EMONTAGU_EC_4	#EC	Lady F Williams
BC_1759_EMONTAGU_EC_4	#EC	Mrs Pitt
BC_1759_EMONTAGU_ED	#ED	Mrs Isaacson
BC_1759_EMONTAGU_ED	#ED	Mrs Sherlock
BC_1759_EMONTAGU_ED	#ED	Mrs Isaacson
BC_1759_EMONTAGU_ED	#ED	Lord Westmoreland
BC_1759_EMONTAGU_ED	#ED	Lady Medows
BC_1759_EMONTAGU_ED	#ED	Mr Garrick
BC_1759_EMONTAGU_FB	#FB	Lady Smythe
BC_1759_EMONTAGU_FB	#FB	Mr Boscawen
BC_1759_EMONTAGU_FB	#FB	Mr Boscawen
BC_1759_EMONTAGU_FB	#FB	Sir S
BC_1759_EMONTAGU_FB	#FB	Lady Smythe
BC_1759_EMONTAGU_FB	#FB	Lady Fr Williams
BC_1759_EMONTAGU_GL_1	#GL	Lord Lyttelton
BC_1759_EMONTAGU_GL_1	#GL	Mrs Lyttelton
BC_1759_EMONTAGU_GL_1	#GL	Dr F
BC_1759_EMONTAGU_GL_1	#GL	Dr Ascough
BC_1759_EMONTAGU_GL_1	#GL	Mr Tom Pitt
BC_1759_EMONTAGU_GL_1	#GL	Mrs Pitt
BC_1759_EMONTAGU_GL_1	#GL	Mr Tom Pitt
BC_1759_EMONTAGU_GL_1	#GL	Sir Edward Lyttelton
BC_1759_EMONTAGU_GL_1	#GL	Mr Montagu
BC_1759_EMONTAGU_GL_2	#GL	Lady Townshend
BC_1759_EMONTAGU_GL_2	#GL	Mr Townshend
BC_1759_EMONTAGU_GL_2	#GL	Mr Charles Townshend
BC_1759_EMONTAGU_GL_2	#GL	Mr Wolfe
BC_1759_EMONTAGU_GL_2	#GL	Mr Townshend
BC_1759_EMONTAGU_GL_2	#GL	Mr Wolfe
BC_1759_EMONTAGU_GL_2	#GL	Mr Wolfe
BC_1759_EMONTAGU_GL_2	#GL	Duke of Marlbrough
BC_1759_EMONTAGU_GL_2	#GL	Miss Hanley
BC_1759_EMONTAGU_GL_2	#GL	Mrs Hanley
BC_1759_EMONTAGU_GL_2	#GL	Mr Lyttelton
BC_1759_EMONTAGU_GL_2	#GL	Lady Medows
BC_1759_EMONTAGU_SS_1	#SS	Mr Montagu
BC_1759_EMONTAGU_SS_1	#SS	Mr Montagu
BC_1759_EMONTAGU_SS_1	#SS	Dr Monsey
BC_1759_EMONTAGU_SS_1	#SS	Mr Cottington
BC_1759_EMONTAGU_SS_1	#SS	Mr Montagu
BC_1759_EMONTAGU_SS_1	#SS	Mr Montagu
BC_1759_EMONTAGU_SS_1	#SS	Dr Monsey
BC_1759_EMONTAGU_SS_1	#SS	Mr Montagu
BC_1759_EMONTAGU_SS_1	#SS	Lady Medows
BC_1759_EMONTAGU_SS_1	#SS	Mr Montagu
BC_1759_EMONTAGU_SS_1	#SS	Mr Montagu
BC_1759_EMONTAGU_SS_1	#SS	Mr Rogers
BC_1759_EMONTAGU_SS_1	#SS	Mr Isaacson
BC_1759_EMONTAGU_SS_1	#SS	Dr Monsey
BC_1759_EMONTAGU_SS_1	#SS	Mr Montagu
BC_1759_EMONTAGU_SS_1	#SS	Mr Montagu
BC_1759_EMONTAGU_SS_1	#SS	Mr Montagu
BC_1759_EMONTAGU_SS_1	#SS	Miss Carter
BC_1759_EMONTAGU_SS_1	#SS	Mrs Southwell
BC_1759_EMONTAGU_SS_1	#SS	Miss Carter
BC_1759_EMONTAGU_SS_1	#SS	Miss Talbot
BC_1759_EMONTAGU_SS_1	#SS	Lady Bab
BC_1759_EMONTAGU_SS_1	#SS	Miss Arnold
BC_1759_EMONTAGU_SS_2	#SS	Lady Bab
BC_1759_EMONTAGU_SS_2	#SS	Lady Bab
BC_1759_EMONTAGU_SS_2	#SS	Miss Arnold
BC_1759_EMONTAGU_SS_2	#SS	Mr Montagu
BC_175x_EMONTAGU_SS	#SS	Dr Shaw
BC_175x_EMONTAGU_SS	#SS	Lady Bab
BC_175x_EMONTAGU_SS	#SS	Mr Botham
BC_175x_EMONTAGU_SS	#SS	Mrs Botham
BC_175x_EMONTAGU_SS	#SS	Mr Montagu
BC_1760_EMONTAGU_BS	#BS	Sir Thomas
BC_1760_EMONTAGU_BS	#BS	Dr Monsey
BC_1760_EMONTAGU_BS	#BS	Mr Torriano
BC_1760_EMONTAGU_BS	#BS	Lady Frances Williams
BC_1760_EMONTAGU_BS	#BS	Mrs Trevor
BC_1760_EMONTAGU_BS	#BS	Mr Bruyere
BC_1760_EMONTAGU_BS	#BS	Mr Montagu
BC_1760_EMONTAGU_EC_1	#EC	Lady Frances William
BC_1760_EMONTAGU_EC_1	#EC	Mrs Carter
BC_1760_EMONTAGU_EC_1	#EC	Lord Lyttelton
BC_1760_EMONTAGU_EC_1	#EC	Mrs Modish
BC_1760_EMONTAGU_EC_1	#EC	Mr Charles York
BC_1760_EMONTAGU_EC_1	#EC	Lady F Williams
BC_1760_EMONTAGU_EC_1	#EC	Mrs Donnellan
BC_1760_EMONTAGU_EC_1	#EC	Lord Ferrers
BC_1760_EMONTAGU_EC_1	#EC	Lord Ferrers
BC_1760_EMONTAGU_EC_1	#EC	Mrs Modish
BC_1760_EMONTAGU_EC_1	#EC	Lady Frances Williams
BC_1760_EMONTAGU_EC_1	#EC	Mrs Pitt
BC_1760_EMONTAGU_EC_2	#EC	Mrs Carter
BC_1760_EMONTAGU_EC_2	#EC	Mr Montagu
BC_1760_EMONTAGU_EC_2	#EC	Mrs Pelt
BC_1760_EMONTAGU_ED	#ED	Dr Watson
BC_1760_EMONTAGU_ED	#ED	Lord Lady Westmorland
BC_1760_EMONTAGU_ED	#ED	Lady Westmorland
BC_1760_EMONTAGU_ED	#ED	Lord Bath
BC_1760_EMONTAGU_GL_1	#GL	Mr Rust
BC_1760_EMONTAGU_GL_1	#GL	Mr Rust
BC_1760_EMONTAGU_GL_1	#GL	Lord Lyttelton
BC_1760_EMONTAGU_GL_1	#GL	Mr Rust
BC_1760_EMONTAGU_GL_1	#GL	Mr Rust
BC_1760_EMONTAGU_GL_1	#GL	Mr Franklyn
BC_1760_EMONTAGU_GL_1	#GL	Mr Rysbrack
BC_1760_EMONTAGU_GL_1	#GL	Mr Franklyn
BC_1760_EMONTAGU_GL_1	#GL	Mr Rust
BC_1760_EMONTAGU_GL_1	#GL	Dr Gregory
BC_1760_EMONTAGU_GL_1	#GL	Mrs Pitt
BC_1760_EMONTAGU_GL_1	#GL	Mr Emin
BC_1760_EMONTAGU_GL_2	#GL	Mrs Dunsk
BC_1760_EMONTAGU_GL_2	#GL	Mrs Dunsk
BC_1760_EMONTAGU_GL_2	#GL	Mr Burke
BC_1760_EMONTAGU_GL_2	#GL	Mr York
BC_1760_EMONTAGU_GL_2	#GL	Mr York
BC_1760_EMONTAGU_GL_2	#GL	Sir Richard
BC_1760_EMONTAGU_GL_3	#GL	Dr Monsey
BC_1760_EMONTAGU_GL_3	#GL	Lady Lincold
BC_1760_EMONTAGU_GL_3	#GL	Mr Hall
BC_1760_EMONTAGU_GL_3	#GL	Mr Hall
BC_1760_EMONTAGU_GL_3	#GL	Dr Monsey
BC_1760_EMONTAGU_GL_3	#GL	Lord Egremont
BC_1760_EMONTAGU_MB	#MB	Mr W Montagu
BC_1760_EMONTAGU_MB	#MB	Lady Bute
BC_1760_EMONTAGU_MB	#MB	Lady Harriet Bentinck
BC_1760_EMONTAGU_MR	#MR	Mr Montagu
BC_1760_EMONTAGU_MR	#MR	Mr Bowe
BC_1760_EMONTAGU_MR	#MR	Lord Ravensworth
BC_1760_EMONTAGU_MR	#MR	Sir Walter Blackett
BC_1760_EMONTAGU_MR	#MR	Sir John Cutler
BC_1760_EMONTAGU_MR	#MR	Sir Walter Blacket
BC_1760_EMONTAGU_MR	#MR	Sir James Colebrooke
BC_1760_EMONTAGU_MR	#MR	Sir Thomas Clavering
BC_1760_EMONTAGU_MR	#MR	Mr Bowe
BC_1760_EMONTAGU_MR	#MR	Mr Montagu
BC_1760_EMONTAGU_MR	#MR	Mr Shaftoe
BC_1760_EMONTAGU_MR	#MR	Sir Thomas
BC_1760_EMONTAGU_MR	#MR	Lord Darlington
BC_1760_EMONTAGU_MR	#MR	Mr Shaftoe
BC_1760_EMONTAGU_MR	#MR	Sir Thomas Clavering
BC_1760_EMONTAGU_MR	#MR	Lord Bishop
BC_1760_EMONTAGU_MR	#MR	Sir Thomas
BC_1760_EMONTAGU_MR	#MR	Mr Rogers
BC_1760_EMONTAGU_MR	#MR	Mr Montagu
BC_1760_EMONTAGU_MR	#MR	Mr Isaacson
BC_1760_EMONTAGU_SS_1	#SS	Mrs Freind
BC_1760_EMONTAGU_SS_1	#SS	Mr Montagu
BC_1760_EMONTAGU_SS_1	#SS	Mr Montagu
BC_1760_EMONTAGU_SS_1	#SS	Dr Monsey
BC_1760_EMONTAGU_SS_1	#SS	Mrs Freind
BC_1760_EMONTAGU_SS_1	#SS	Miss Freind
BC_1760_EMONTAGU_SS_2	#SS	Mr Montagu
BC_1760_EMONTAGU_SS_2	#SS	Lady Bab
BC_1760_EMONTAGU_SS_2	#SS	Miss Arnold
BC_1760_EMONTAGU_SS_3	#SS	Lady Bab
BC_1760_EMONTAGU_SS_3	#SS	Lady Sandwich
BC_1760_EMONTAGU_SS_3	#SS	Mr Matt Robinson
BC_1760_EMONTAGU_SS_3	#SS	Mr William
BC_1760_EMONTAGU_SS_3	#SS	Mr Montagu
BC_1760_EMONTAGU_SS_3	#SS	Mr Montagu
BC_1760_EMONTAGU_SS_3	#SS	Miss Richardson
BC_1760_EMONTAGU_SS_3	#SS	Miss Crosby
BC_1760_EMONTAGU_SS_3	#SS	Lady Bab
BC_1760_EMONTAGU_SS_3	#SS	Miss Arnold
BC_1760_EMONTAGU_WP_1	#WP	Lord P
BC_1760_EMONTAGU_WP_1	#WP	Lord P
BC_1760_EMONTAGU_WP_1	#WP	Mrs Vesey
BC_1760_EMONTAGU_WP_1	#WP	Lord P
BC_1760_EMONTAGU_WP_1	#WP	Mr Diderot
BC_1760_EMONTAGU_WP_1	#WP	Mrs Vesey
BC_1760_EMONTAGU_WP_1	#WP	Lord Lyttelton
BC_1760_EMONTAGU_WP_1	#WP	Mr Yager
BC_1760_EMONTAGU_WP_2	#WP	Lord Bath
BC_1760_EMONTAGU_WP_2	#WP	Mr Whiston
BC_1760_EMONTAGU_WP_3	#WP	Dr Monsey
BC_1760_EMONTAGU_WP_3	#WP	Mr Montagu
BC_1760_EMONTAGU_WP_4	#WP	Lord Bath
BC_1760_EMONTAGU_WP_5	#WP	Lord Pulteney
BC_1760_EMONTAGU_WP_5	#WP	Mrs Vesey
BC_1760_EMONTAGU_WP_5	#WP	Lord Lyttelton
BC_1760_EMONTAGU_WP_5	#WP	Lord Pulteney
BC_1760_EMONTAGU_WP_5	#WP	Lord Lyttelton
BC_1760_EMONTAGU_WP_5	#WP	Lord Pulteney
BC_1760_EMONTAGU_WP_5	#WP	Mrs Carter
BC_1760_EMONTAGU_WP_5	#WP	Mrs Vesey
BC_1760_EMONTAGU_WP_5	#WP	Lord Bath
BC_1761_EMONTAGU_EC_1	#EC	Mrs Carter
BC_1761_EMONTAGU_EC_1	#EC	Lady F Williams
BC_1761_EMONTAGU_EC_1	#EC	Lady Smythe
BC_1761_EMONTAGU_EC_1	#EC	Mr Boscawen
BC_1761_EMONTAGU_EC_1	#EC	Mrs Norman
BC_1761_EMONTAGU_EC_1	#EC	Mrs Carter
BC_1761_EMONTAGU_EC_2	#EC	Mrs Boscawen
BC_1761_EMONTAGU_EC_2	#EC	Mr Melmoth
BC_1761_EMONTAGU_EC_2	#EC	Miss Molly Carter
BC_1761_EMONTAGU_EC_3	#EC	Lord Lyttelton
BC_1761_EMONTAGU_EC_3	#EC	Mr Gesner
BC_1761_EMONTAGU_EC_3	#EC	Mr Gesner
BC_1761_EMONTAGU_EC_3	#EC	Mr Gesner
BC_1761_EMONTAGU_EC_3	#EC	Lady Frances Williams
BC_1761_EMONTAGU_EC_3	#EC	Mrs Boscawen
BC_1761_EMONTAGU_EC_3	#EC	Mrs Southwell
BC_1761_EMONTAGU_EC_3	#EC	Mr Montagu
BC_1761_EMONTAGU_EC_3	#EC	Dr Monsey
BC_1761_EMONTAGU_EC_4	#EC	Mrs Carter
BC_1761_EMONTAGU_ED	#ED	Lord Sandwich
BC_1761_EMONTAGU_ED	#ED	Lord Sandwich
BC_1761_EMONTAGU_ED	#ED	Mr W Montagu
BC_1761_EMONTAGU_ED	#ED	Mr George Grenville
BC_1761_EMONTAGU_ED	#ED	Mrs Boscawen
BC_1761_EMONTAGU_EV	#EV	Mrs Vesey
BC_1761_EMONTAGU_EV	#EV	Mr Galin
BC_1761_EMONTAGU_EV	#EV	Mr West
BC_1761_EMONTAGU_EV	#EV	Lord High Steward
BC_1761_EMONTAGU_EV	#EV	Lord Bath
BC_1761_EMONTAGU_EV	#EV	Dr Monsey
BC_1761_EMONTAGU_EV	#EV	Lord Lyttelton
BC_1761_EMONTAGU_EV	#EV	Mr Pitt
BC_1761_EMONTAGU_EV	#EV	Lady Hervey
BC_1761_EMONTAGU_EV	#EV	Lady Primrose
BC_1761_EMONTAGU_EV	#EV	Mrs Hancock
BC_1761_EMONTAGU_SS_1	#SS	Mr Montagu
BC_1761_EMONTAGU_SS_1	#SS	Mrs Carter
BC_1761_EMONTAGU_SS_1	#SS	Mr Montagu
BC_1761_EMONTAGU_SS_1	#SS	Lord Bath
BC_1761_EMONTAGU_SS_1	#SS	Mr Montagu
BC_1761_EMONTAGU_SS_1	#SS	Mrs Boscawen
BC_1761_EMONTAGU_SS_1	#SS	Lady Frances Williams
BC_1761_EMONTAGU_SS_1	#SS	Mrs Boscawen
BC_1761_EMONTAGU_SS_1	#SS	Mrs Southwell
BC_1761_EMONTAGU_SS_1	#SS	Mrs Boscawen
BC_1761_EMONTAGU_SS_1	#SS	Mrs Boscawen
BC_1761_EMONTAGU_SS_1	#SS	Sir Sydney Smyther
BC_1761_EMONTAGU_SS_1	#SS	Lady F Williams
BC_1761_EMONTAGU_SS_1	#SS	Lady Coningesbye
BC_1761_EMONTAGU_SS_1	#SS	Lady France
BC_1761_EMONTAGU_SS_1	#SS	Lady Coningesbye
BC_1761_EMONTAGU_SS_1	#SS	Mrs Carter
BC_1761_EMONTAGU_SS_1	#SS	Dr Hawkesworth
BC_1761_EMONTAGU_SS_1	#SS	Lord Bath
BC_1761_EMONTAGU_SS_1	#SS	Lady Bab Montagu
BC_1761_EMONTAGU_SS_1	#SS	Lord Bath
BC_1761_EMONTAGU_SS_1	#SS	Mrs Carter
BC_1761_EMONTAGU_SS_1	#SS	Lady Bab
BC_1761_EMONTAGU_SS_1	#SS	Mrs William Robinson
BC_1761_EMONTAGU_SS_1	#SS	Mr Montagu
BC_1761_EMONTAGU_SS_2	#SS	Dr Addlington
BC_1761_EMONTAGU_SS_2	#SS	Dr Addington
BC_1761_EMONTAGU_SS_2	#SS	Dr Gregory
BC_1761_EMONTAGU_SS_2	#SS	Mrs Talbot
BC_1761_EMONTAGU_SS_2	#SS	Lady Harriet Sommerset
BC_1761_EMONTAGU_SS_2	#SS	Mrs Talbot
BC_1761_EMONTAGU_SS_2	#SS	Mrs Carter
BC_1761_EMONTAGU_SS_2	#SS	Mr Stillingfleet
BC_1761_EMONTAGU_SS_2	#SS	Dr Young
BC_1761_EMONTAGU_SS_2	#SS	Mr Rickhardson
BC_1761_EMONTAGU_SS_2	#SS	Mrs Carter
BC_1761_EMONTAGU_SS_2	#SS	Mrs Boscawen
BC_1761_EMONTAGU_SS_2	#SS	Mr Montagu
BC_1761_EMONTAGU_SS_2	#SS	Lady Bab Montagu
BC_1761_EMONTAGU_SS_2	#SS	Lady Sandwich
BC_1761_EMONTAGU_SS_2	#SS	Lady Sandwitch
BC_1761_EMONTAGU_SS_2	#SS	Lady Frances Coningesbye
BC_1761_EMONTAGU_SS_2	#SS	Lady Coningesbye
BC_1761_EMONTAGU_SS_2	#SS	Mr Bathurst
BC_1761_EMONTAGU_SS_2	#SS	Lady Beltz
BC_1761_EMONTAGU_SS_2	#SS	Mrs Langton
BC_1761_EMONTAGU_SS_2	#SS	Lady Mary Coke
BC_1761_EMONTAGU_SS_2	#SS	Mrs Carter
BC_1761_EMONTAGU_WP_1	#WP	Lord Bath
BC_1761_EMONTAGU_WP_1	#WP	Mr C
BC_1761_EMONTAGU_WP_1	#WP	Mr Montagu
BC_1761_EMONTAGU_WP_1	#WP	Lord Grevile Montagu
BC_1761_EMONTAGU_WP_1	#WP	Lord Curysfort
BC_1761_EMONTAGU_WP_1	#WP	Lord Lyttelton
BC_1761_EMONTAGU_WP_2	#WP	Lord Pulteney
BC_1761_EMONTAGU_WP_2	#WP	Mr Montagu
BC_1761_EMONTAGU_WP_2	#WP	Mr Morley
BC_1761_EMONTAGU_WP_2	#WP	Mr Montagu
BC_1761_EMONTAGU_WP_3	#WP	Lord A
BC_1761_EMONTAGU_WP_3	#WP	Mrs Donnellan
BC_1761_EMONTAGU_WP_3	#WP	Mr Henry
BC_1761_EMONTAGU_WP_3	#WP	Mrs Vesey
BC_1761_EMONTAGU_WP_3	#WP	Mrs Vesey
BC_1762_EMONTAGU_EC	#EC	Lord Bath
BC_1762_EMONTAGU_EC	#EC	Lord Pulteney
BC_1762_EMONTAGU_EC	#EC	Lord Pulteney
BC_1762_EMONTAGU_EC	#EC	Lord Bath
BC_1762_EMONTAGU_EC	#EC	Mr Warton
BC_1762_EMONTAGU_EC	#EC	Lord Lyttelton
BC_1762_EMONTAGU_EC	#EC	Mr Warton
BC_1762_EMONTAGU_EC	#EC	Mr Hurde
BC_1762_EMONTAGU_EC	#EC	Mr Hurde
BC_1762_EMONTAGU_EC	#EC	Mr Hurde
BC_1762_EMONTAGU_EC	#EC	Lord Bath
BC_1762_EMONTAGU_EC	#EC	Lord Bath
BC_1762_EMONTAGU_EC	#EC	Dr Carter
BC_1762_EMONTAGU_EC	#EC	Mrs Underdown
BC_1762_EMONTAGU_EV_1	#EV	Mr Stewart
BC_1762_EMONTAGU_EV_1	#EV	Mr Galin
BC_1762_EMONTAGU_EV_1	#EV	Lord Bath
BC_1762_EMONTAGU_EV_1	#EV	Earl of Warwick
BC_1762_EMONTAGU_EV_1	#EV	Sir Philip Sydney
BC_1762_EMONTAGU_EV_1	#EV	Countess of Cardigan
BC_1762_EMONTAGU_EV_1	#EV	Lord Montagu
BC_1762_EMONTAGU_EV_2	#EV	Mrs Vesey
BC_1762_EMONTAGU_EV_2	#EV	Mrs Stanley
BC_1762_EMONTAGU_EV_2	#EV	Mr Montagu
BC_1762_EMONTAGU_EV_2	#EV	Lady Primrose
BC_1762_EMONTAGU_EV_2	#EV	Mrs Hancock
BC_1762_EMONTAGU_EV_2	#EV	Lord Metcombe
BC_1762_EMONTAGU_EV_2	#EV	Mr Wyadham
BC_1762_EMONTAGU_EV_2	#EV	Sir W Britten
BC_1762_EMONTAGU_EV_3	#EV	Mr Montagu
BC_1762_EMONTAGU_EV_3	#EV	Mrs Vesey
BC_1762_EMONTAGU_EV_3	#EV	Mr Norborne Berkely
BC_1762_EMONTAGU_EV_3	#EV	Mrs Vesey
BC_1762_EMONTAGU_EV_3	#EV	Lord Lyttelton
BC_1762_EMONTAGU_EV_3	#EV	Mr Lyttelton
BC_1762_EMONTAGU_EV_3	#EV	Lord Bath
BC_1762_EMONTAGU_EV_3	#EV	Lord Lyttelton
BC_1762_EMONTAGU_EV_3	#EV	Lord Lyttelton
BC_1762_EMONTAGU_EV_3	#EV	Mr Montagu
BC_1762_EMONTAGU_EV_3	#EV	Lord Lyttelton
BC_1762_EMONTAGU_EV_3	#EV	Mr Galin
BC_1762_EMONTAGU_EV_3	#EV	Duchess of Portland
BC_1762_EMONTAGU_EV_3	#EV	Lady Hervey
BC_1762_EMONTAGU_EV_3	#EV	Lady Hervey
BC_1762_EMONTAGU_EV_3	#EV	Lord Bath
BC_1762_EMONTAGU_EV_3	#EV	Mrs Carter
BC_1762_EMONTAGU_EV_3	#EV	Mr Gatilier
BC_1762_EMONTAGU_EV_3	#EV	Lady Primrose
BC_1762_EMONTAGU_EV_3	#EV	Mrs Hancock
BC_1762_EMONTAGU_EV_3	#EV	Lady Primrose
BC_1762_EMONTAGU_EV_3	#EV	Mrs Carter
BC_1763_EMONTAGU_EV_1	#EV	Lord Bath
BC_1763_EMONTAGU_EV_1	#EV	Mrs Vesey
BC_1763_EMONTAGU_EV_2	#EV	Mrs Vesey
BC_1763_EMONTAGU_EV_2	#EV	Lady Mary
BC_1763_EMONTAGU_EV_2	#EV	Mrs Carter
BC_1763_EMONTAGU_EV_2	#EV	Mrs Carter
BC_1763_EMONTAGU_EV_2	#EV	Lord Bath
BC_1763_EMONTAGU_EV_2	#EV	Mrs Carter
BC_1763_EMONTAGU_EV_2	#EV	Mrs Carter
BC_1763_EMONTAGU_EV_2	#EV	Mrs Carter
BC_1763_EMONTAGU_EV_2	#EV	Mrs Carter
BC_1763_EMONTAGU_EV_2	#EV	Mr Burke
BC_1763_EMONTAGU_EV_2	#EV	Lord Bath
BC_1763_EMONTAGU_EV_2	#EV	Lady Primrose
BC_1763_EMONTAGU_EV_2	#EV	Lady Westmorland
BC_1763_EMONTAGU_EV_2	#EV	Lady Westmorland
BC_1763_EMONTAGU_EV_2	#EV	Mrs Vesey
BC_1763_EMONTAGU_EV_2	#EV	Mr Vesey
BC_1763_EMONTAGU_EV_2	#EV	Lord Bath
BC_1763_EMONTAGU_EV_2	#EV	Mr Montagu
BC_1763_EMONTAGU_EV_2	#EV	Mrs Carter
BC_1763_EMONTAGU_EV_2	#EV	Dr Carter
BC_1763_EMONTAGU_EV_2	#EV	Lord Lady Spencer
BC_1763_EMONTAGU_EV_2	#EV	Lady Spencer
BC_1763_EMONTAGU_EV_2	#EV	Lord Lady Robert Bertie
BC_1763_EMONTAGU_EV_2	#EV	Lady Robert Bertie
BC_1763_EMONTAGU_EV_2	#EV	Lord Lady Bateman
BC_1763_EMONTAGU_EV_2	#EV	Lady Bateman
BC_1763_EMONTAGU_EV_2	#EV	Lady Howe
BC_1763_EMONTAGU_EV_2	#EV	Sir John Seabright
BC_1763_EMONTAGU_EV_2	#EV	Lord Lady Louth
BC_1763_EMONTAGU_EV_2	#EV	Lady Louth
BC_1763_EMONTAGU_EV_2	#EV	Lord Caher
BC_1763_EMONTAGU_EV_2	#EV	Lord Drogheda
BC_1763_EMONTAGU_EV_2	#EV	Mrs Carter
BC_1763_EMONTAGU_EV_2	#EV	Mrs Vesey
BC_1763_EMONTAGU_EV_3	#EV	Lord Lady Cardigan
BC_1763_EMONTAGU_EV_3	#EV	Lady Cardigan
BC_1763_EMONTAGU_EV_3	#EV	Lady Betty Montagu
BC_1763_EMONTAGU_EV_3	#EV	Lord Bradenel
BC_1763_EMONTAGU_EV_3	#EV	Lady Betty
BC_1763_EMONTAGU_EV_3	#EV	Lady Cardigan
BC_1763_EMONTAGU_EV_3	#EV	Lady Cardigan
BC_1763_EMONTAGU_EV_3	#EV	Lady Sophia Carteret
BC_1763_EMONTAGU_EV_3	#EV	Lady Louisa
BC_1763_EMONTAGU_EV_4	#EV	Mrs Vesey
BC_1763_EMONTAGU_EV_4	#EV	Mrs Vesey
BC_1763_EMONTAGU_EV_4	#EV	Mrs Carter
BC_1763_EMONTAGU_EV_4	#EV	Mrs Moore
BC_1763_EMONTAGU_EV_4	#EV	Mrs Moore
BC_1763_EMONTAGU_EV_4	#EV	Miss Grey
BC_1763_EMONTAGU_EV_4	#EV	Miss Grey
BC_1763_EMONTAGU_EV_4	#EV	Mr Grey
BC_1763_EMONTAGU_EV_4	#EV	Sir Henry Grey
BC_1763_EMONTAGU_EV_4	#EV	Mrs Moore
BC_1763_EMONTAGU_EV_4	#EV	Mrs Grey
BC_1763_EMONTAGU_EV_4	#EV	Miss Ogle
BC_1763_EMONTAGU_EV_4	#EV	Mr Wilkes
BC_1763_EMONTAGU_EV_4	#EV	Mrs Hancock
BC_1763_EMONTAGU_GL	#GL	Mr Fagel
BC_1763_EMONTAGU_GL	#GL	Mr Fagel
BC_1763_EMONTAGU_GL	#GL	Lord Bath
BC_1763_EMONTAGU_GL	#GL	Sir Joseph Yorke
BC_1763_EMONTAGU_GL	#GL	Sir Joseph Yorke
BC_1763_EMONTAGU_GL	#GL	Lord Bath
BC_1763_EMONTAGU_GL	#GL	Mr Montagu
BC_1764_EMONTAGU_CL	#CL	Mrs Boscawen
BC_1764_EMONTAGU_CL	#CL	Lord Bath
BC_1764_EMONTAGU_CL	#CL	Lord Besborough
BC_1764_EMONTAGU_CL	#CL	Dr Hebberden
BC_1764_EMONTAGU_CL	#CL	Dr Warren
BC_1764_EMONTAGU_CL	#CL	Lord Bath
BC_1764_EMONTAGU_CL	#CL	Duchess of Newcastle
BC_1764_EMONTAGU_CL	#CL	Lord Bath
BC_1764_EMONTAGU_CL	#CL	Dr Douglas
BC_1764_EMONTAGU_CL	#CL	Mr Coleman
BC_1764_EMONTAGU_CL	#CL	Dr Douglas
BC_1764_EMONTAGU_CL	#CL	Mrs Johnstone
BC_1764_EMONTAGU_CL	#CL	Dr Douglas
BC_1764_EMONTAGU_CL	#CL	Lord Pulteney
BC_1764_EMONTAGU_CL	#CL	Mr Montagu
BC_1764_EMONTAGU_CL	#CL	Lord Bath
BC_1764_EMONTAGU_CL	#CL	Mr Montagu
BC_1764_EMONTAGU_CL	#CL	Mrs Carter
BC_1764_EMONTAGU_CL	#CL	Mrs Boscawen
BC_1764_EMONTAGU_CL	#CL	Mr Montagu
BC_1764_EMONTAGU_CL	#CL	Lord Lyttelton
BC_1764_EMONTAGU_CL	#CL	Mrs Carter
BC_1764_EMONTAGU_EV_1	#EV	Mrs Vesey
BC_1764_EMONTAGU_EV_1	#EV	Mr Reynolds
BC_1764_EMONTAGU_EV_1	#EV	Lord Bath
BC_1764_EMONTAGU_EV_1	#EV	Mr Garrick
BC_1764_EMONTAGU_EV_1	#EV	Mrs Vesey
BC_1764_EMONTAGU_EV_1	#EV	Mrs Vesey
BC_1764_EMONTAGU_EV_1	#EV	Mrs Hancock
BC_1764_EMONTAGU_EV_2	#EV	Mr Gesner
BC_1764_EMONTAGU_EV_2	#EV	Mrs Vesey
BC_1764_EMONTAGU_EV_2	#EV	Mrs Carter
BC_1764_EMONTAGU_EV_2	#EV	Lord Lyttelton
BC_1764_EMONTAGU_EV_2	#EV	Mrs Carter
BC_1764_EMONTAGU_EV_2	#EV	Lord Lyttelton
BC_1764_EMONTAGU_EV_2	#EV	Lord Bath
BC_1764_EMONTAGU_EV_2	#EV	Lord Bath
BC_1764_EMONTAGU_EV_2	#EV	Mr Thomas Pitt
BC_1764_EMONTAGU_EV_2	#EV	Mrs Carter
BC_1764_EMONTAGU_EV_2	#EV	Lord Lyttelton
BC_1764_EMONTAGU_EV_2	#EV	Sir James Macdonald
BC_1764_EMONTAGU_EV_2	#EV	Mr Stillingfleet
BC_1764_EMONTAGU_EV_2	#EV	Mr Mrs Vesey
BC_1764_EMONTAGU_EV_2	#EV	Mrs Vesey
BC_1764_EMONTAGU_EV_2	#EV	Mr Burke
BC_1764_EMONTAGU_EV_2	#EV	Mrs Vesey
BC_1764_EMONTAGU_EV_2	#EV	Mrs Pitt
BC_1764_EMONTAGU_EV_2	#EV	Lady Primrose
BC_1764_EMONTAGU_EV_2	#EV	Lady Hervey
BC_1764_EMONTAGU_EV_2	#EV	Lady Cardigan
BC_1764_EMONTAGU_EV_2	#EV	Lady Harriet Grey
BC_1764_EMONTAGU_EV_3	#EV	Dr Young
BC_1764_EMONTAGU_EV_3	#EV	Mr O Hara
BC_1764_EMONTAGU_EV_3	#EV	Mr Caulfield
BC_1764_EMONTAGU_EV_3	#EV	Lord Bath
BC_1764_EMONTAGU_EV_3	#EV	Lady Louisa
BC_1764_EMONTAGU_EV_3	#EV	Lady Sophia Carteret
BC_1764_EMONTAGU_EV_3	#EV	Mrs Howe
BC_1764_EMONTAGU_EV_3	#EV	Mrs Carter
BC_1764_EMONTAGU_EV_3	#EV	Mr de Feronce
BC_1764_EMONTAGU_EV_3	#EV	Mr de Blum
BC_1764_EMONTAGU_EV_3	#EV	Mr Cambridge
BC_1764_EMONTAGU_EV_3	#EV	Lord Lyttelton
BC_1764_EMONTAGU_EV_3	#EV	Lord Bath
BC_1764_EMONTAGU_EV_3	#EV	Mrs Pitt
BC_1764_EMONTAGU_EV_3	#EV	Lord Lyttelton
BC_1764_EMONTAGU_EV_3	#EV	Mrs Carter
BC_1764_EMONTAGU_EV_3	#EV	Mr Stillingfleet
BC_1764_EMONTAGU_EV_3	#EV	Mr Mrs Johnstone
BC_1764_EMONTAGU_EV_3	#EV	Mrs Johnstone
BC_1764_EMONTAGU_EV_3	#EV	Lady Primrose
BC_1764_EMONTAGU_EV_3	#EV	Mrs Vesey
BC_1764_EMONTAGU_EV_3	#EV	Mrs Vesey
BC_1764_EMONTAGU_EV_3	#EV	Mrs Carter
BC_1764_EMONTAGU_EV_3	#EV	Lady Cardigan
BC_1764_EMONTAGU_EV_3	#EV	Mrs Pitt
BC_1764_EMONTAGU_EV_3	#EV	Mr Walpole
BC_1764_EMONTAGU_EV_3	#EV	Duchess of Queensberry
BC_1764_EMONTAGU_EV_3	#EV	Lady Cardigan
BC_1764_EMONTAGU_EV_3	#EV	Mrs Pitt
BC_1764_EMONTAGU_EV_3	#EV	Lady Betty
BC_1764_EMONTAGU_EV_3	#EV	Duchess of Portland
BC_1764_EMONTAGU_EV_3	#EV	Lady Waldegrave
BC_1764_EMONTAGU_EV_3	#EV	Lord Suffolk
BC_1764_EMONTAGU_EV_3	#EV	Miss Trevor
BC_1764_EMONTAGU_EV_3	#EV	Mr Hampden Trevor
BC_1764_EMONTAGU_EV_3	#EV	Sir James Macdonald
BC_1764_EMONTAGU_EV_3	#EV	Mr Lyttelton
BC_1764_EMONTAGU_EV_3	#EV	Miss Lyttelton
BC_1764_EMONTAGU_EV_3	#EV	Mr Hurd
BC_1764_EMONTAGU_EV_3	#EV	Miss Dashwood
BC_1764_EMONTAGU_EV_3	#EV	Duchess of Beaufort
BC_1764_EMONTAGU_EV_3	#EV	Mr Grenville
BC_1764_EMONTAGU_EV_3	#EV	Mr Charles Townshend
BC_1764_EMONTAGU_EV_3	#EV	Lord Hardwicke
BC_1764_EMONTAGU_EV_3	#EV	Lord B
BC_1764_EMONTAGU_EV_3	#EV	Mr Glover
BC_1764_EMONTAGU_EV_3	#EV	Lady Cardigan
BC_1764_EMONTAGU_EV_3	#EV	Duchess of Queensberry
BC_1764_EMONTAGU_EV_3	#EV	Lord Huntingdon
BC_1764_EMONTAGU_EV_3	#EV	Mr Jernigan
BC_1764_EMONTAGU_EV_3	#EV	Mr Vesey
BC_1764_EMONTAGU_EV_3	#EV	Mrs Hancock
BC_1764_EMONTAGU_EV_3	#EV	Mr Burke
BC_1764_EMONTAGU_EV_4	#EV	Mrs Carter
BC_1764_EMONTAGU_EV_4	#EV	Earl of Bath
BC_1764_EMONTAGU_EV_4	#EV	Lord Lyttelton
BC_1764_EMONTAGU_EV_4	#EV	Mrs Boscawen
BC_1764_EMONTAGU_EV_4	#EV	Mr Montagu
BC_1764_EMONTAGU_EV_4	#EV	Mrs Carter
BC_1764_EMONTAGU_EV_4	#EV	Lord Lyttelton
BC_1764_EMONTAGU_EV_4	#EV	Mr Stanley
BC_1764_EMONTAGU_EV_4	#EV	Lord Bath
BC_1764_EMONTAGU_EV_4	#EV	Lord Palmerston
BC_1764_EMONTAGU_EV_4	#EV	Sir William Temple
BC_1764_EMONTAGU_EV_4	#EV	Mr Pitt
BC_1764_EMONTAGU_EV_4	#EV	Mrs Hancock
BC_1764_EMONTAGU_EV_4	#EV	Mr Vesey
BC_1764_EMONTAGU_EV_4	#EV	Mr Burke
BC_1764_EMONTAGU_GL	#GL	Mr Montagu
BC_1764_EMONTAGU_GL	#GL	Mr Foote
BC_1764_EMONTAGU_GL	#GL	Mrs Boscawen
BC_1765_EMONTAGU_EV_1	#EV	Mr Baye
BC_1765_EMONTAGU_EV_1	#EV	Lord Mayor
BC_1765_EMONTAGU_EV_1	#EV	Lord Lyttelton
BC_1765_EMONTAGU_EV_1	#EV	Sir James Macdonald
BC_1765_EMONTAGU_EV_1	#EV	Lord Lyttelton
BC_1765_EMONTAGU_EV_1	#EV	Sir James Macdonald
BC_1765_EMONTAGU_EV_1	#EV	Lord Lyttelton
BC_1765_EMONTAGU_EV_1	#EV	Mrs Carter
BC_1765_EMONTAGU_EV_1	#EV	Lady Northumberland
BC_1765_EMONTAGU_EV_1	#EV	Lady Northumberland
BC_1765_EMONTAGU_EV_1	#EV	Mrs Delany
BC_1765_EMONTAGU_EV_1	#EV	Mrs Sandford
BC_1765_EMONTAGU_EV_1	#EV	Mrs Delany
BC_1765_EMONTAGU_EV_1	#EV	Lady Weymouth
BC_1765_EMONTAGU_EV_1	#EV	Mr Vesey
BC_1765_EMONTAGU_EV_1	#EV	Mrs Hancock
BC_1765_EMONTAGU_EV_1	#EV	Mr D'Alembert
BC_1765_EMONTAGU_EV_1	#EV	Dr Pringle
BC_1765_EMONTAGU_EV_2	#EV	Mrs Vesey
BC_1765_EMONTAGU_EV_2	#EV	Mr Achard
BC_1765_EMONTAGU_EV_2	#EV	Mrs Boscawen
BC_1765_EMONTAGU_EV_2	#EV	Lord Lyttelton
BC_1765_EMONTAGU_EV_2	#EV	Mr Achard
BC_1765_EMONTAGU_EV_2	#EV	Mr Burke
BC_1765_EMONTAGU_EV_2	#EV	Mr Burke
BC_1765_EMONTAGU_EV_2	#EV	Lord Lyttelton
BC_1765_EMONTAGU_EV_2	#EV	Duke of Newcastle
BC_1765_EMONTAGU_EV_2	#EV	Mr Pitt
BC_1765_EMONTAGU_EV_2	#EV	Sir William Pensent
BC_1765_EMONTAGU_EV_2	#EV	Lord Lyttelton
BC_1765_EMONTAGU_EV_2	#EV	Mr Pitt
BC_1765_EMONTAGU_EV_2	#EV	Lord Temple
BC_1765_EMONTAGU_EV_2	#EV	Mr Pitt
BC_1765_EMONTAGU_EV_2	#EV	Duchess of B
BC_1765_EMONTAGU_EV_2	#EV	Countess of N
BC_1765_EMONTAGU_EV_2	#EV	Lady Hertford
BC_1765_EMONTAGU_EV_2	#EV	Lord Lyttelton
BC_1765_EMONTAGU_EV_2	#EV	Mr Vesey
BC_1765_EMONTAGU_EV_2	#EV	Mrs Hancock
BC_1765_EMONTAGU_EV_2	#EV	Mrs Carter
BC_1765_EMONTAGU_EV_3	#EV	Mrs Vesey
BC_1765_EMONTAGU_EV_3	#EV	Mrs Boscawen
BC_1765_EMONTAGU_EV_3	#EV	Lady Primrose
BC_1765_EMONTAGU_EV_3	#EV	Mr Bateman
BC_1765_EMONTAGU_EV_3	#EV	Mr Bateman
BC_1765_EMONTAGU_EV_3	#EV	Mr Bateman
BC_1765_EMONTAGU_EV_3	#EV	Lord Lyttelton
BC_1765_EMONTAGU_EV_3	#EV	Mr Mrs Vesey
BC_1765_EMONTAGU_EV_3	#EV	Mrs Vesey
BC_1765_EMONTAGU_EV_3	#EV	Lord Bute
BC_1765_EMONTAGU_EV_3	#EV	Lord Shelburne
BC_1765_EMONTAGU_EV_3	#EV	Duchess of Newport
BC_1765_EMONTAGU_EV_3	#EV	Lady Shelburne
BC_1765_EMONTAGU_EV_3	#EV	Lord Shelburne
BC_1765_EMONTAGU_EV_3	#EV	Mr Adam
BC_1765_EMONTAGU_EV_3	#EV	Mr Brown
BC_1765_EMONTAGU_EV_3	#EV	Lady Charlotte Finch
BC_1765_EMONTAGU_EV_3	#EV	Mr Finch
BC_1765_EMONTAGU_EV_3	#EV	Lady Charlotte
BC_1765_EMONTAGU_EV_3	#EV	Duchess of Portland
BC_1765_EMONTAGU_EV_3	#EV	Mr Burke
BC_1765_EMONTAGU_EV_3	#EV	Mrs Ann Pitt
BC_1765_EMONTAGU_EV_3	#EV	Lady Betty Germain
BC_1765_EMONTAGU_EV_3	#EV	Lord Boley
BC_1765_EMONTAGU_EV_3	#EV	Mr Pitt
BC_1765_EMONTAGU_EV_3	#EV	Lord Temple
BC_1765_EMONTAGU_EV_3	#EV	Miss Stanley
BC_1765_EMONTAGU_EV_3	#EV	Mr D'oyly
BC_1765_EMONTAGU_EV_3	#EV	Sir James Macdonald
BC_1765_EMONTAGU_EV_3	#EV	Lord Mount Stewart
BC_1765_EMONTAGU_EV_3	#EV	Lord Mount Stewart
BC_1765_EMONTAGU_EV_3	#EV	Lord Beauchamp
BC_1765_EMONTAGU_EV_3	#EV	Lady Betty Eyeston
BC_1765_EMONTAGU_EV_3	#EV	Lady Hillsborough
BC_1765_EMONTAGU_EV_3	#EV	Mrs Carter
BC_1765_EMONTAGU_EV_3	#EV	Lady Primrose
BC_1765_EMONTAGU_EV_3	#EV	Mr Walpole
BC_1765_EMONTAGU_EV_3	#EV	Mrs Vesey
BC_1765_EMONTAGU_EV_3	#EV	Mrs Carter
BC_1765_EMONTAGU_EV_3	#EV	Mr Vesey
BC_1765_EMONTAGU_EV_3	#EV	Mrs Handcock
BC_1765_EMONTAGU_EV_3	#EV	Lord Lyttelton
BC_1765_EMONTAGU_EV_3	#EV	Mr Vesey
BC_1766_EMONTAGU_EC_1	#EC	Mr Wright
BC_1766_EMONTAGU_EC_1	#EC	Mrs Underdown
BC_1766_EMONTAGU_EC_2	#EC	Mr Harris
BC_1766_EMONTAGU_EC_2	#EC	Mr Johnson
BC_1766_EMONTAGU_EC_3	#EC	Mr Johnson
BC_1766_EMONTAGU_EC_3	#EC	Mr Revd
BC_1766_EMONTAGU_EC_3	#EC	Mr Johnson
BC_1766_EMONTAGU_EC_3	#EC	Mr Johnson
BC_1766_EMONTAGU_EC_4	#EC	Mr Johnson
BC_1766_EMONTAGU_EC_4	#EC	Mr Johnson
BC_1766_EMONTAGU_EC_4	#EC	Dr Grey
BC_1766_EMONTAGU_EV_1	#EV	Mrs Vesey
BC_1766_EMONTAGU_EV_1	#EV	Mr Vesey
BC_1766_EMONTAGU_EV_1	#EV	Lord Temple
BC_1766_EMONTAGU_EV_1	#EV	Lord Lyttelton
BC_1766_EMONTAGU_EV_1	#EV	Mr Pitt
BC_1766_EMONTAGU_EV_1	#EV	Mr Grenville
BC_1766_EMONTAGU_EV_1	#EV	Mr Pitt
BC_1766_EMONTAGU_EV_1	#EV	Sir F N
BC_1766_EMONTAGU_EV_1	#EV	Mr Barr√©
BC_1766_EMONTAGU_EV_1	#EV	Mr Huske
BC_1766_EMONTAGU_EV_1	#EV	Mr G Townshend
BC_1766_EMONTAGU_EV_1	#EV	Mr Burke
BC_1766_EMONTAGU_EV_1	#EV	Mrs Carter
BC_1766_EMONTAGU_EV_1	#EV	Mrs John Pitt
BC_1766_EMONTAGU_EV_1	#EV	Mrs Dunbar
BC_1766_EMONTAGU_EV_1	#EV	Lady Primrose
BC_1766_EMONTAGU_EV_1	#EV	Mrs Howe
BC_1766_EMONTAGU_EV_1	#EV	Lord Palmerston
BC_1766_EMONTAGU_EV_1	#EV	Mrs Vesey
BC_1766_EMONTAGU_EV_1	#EV	Mr Montagu
BC_1766_EMONTAGU_EV_1	#EV	Mr Jeptison
BC_1766_EMONTAGU_EV_1	#EV	Lord Lyttelton
BC_1766_EMONTAGU_EV_1	#EV	Lady Shelburne
BC_1766_EMONTAGU_EV_1	#EV	Lord Shelburne
BC_1766_EMONTAGU_EV_1	#EV	Mr Vesey
BC_1766_EMONTAGU_EV_1	#EV	Mrs Handcock
BC_1766_EMONTAGU_EV_2	#EV	Lord Campden
BC_1766_EMONTAGU_EV_2	#EV	Lord Mansfield
BC_1766_EMONTAGU_EV_2	#EV	Mr Pitt
BC_1766_EMONTAGU_EV_2	#EV	Mr Beckford
BC_1766_EMONTAGU_EV_2	#EV	Lord Lyttelton
BC_1766_EMONTAGU_EV_2	#EV	Lord Shelburn
BC_1766_EMONTAGU_EV_2	#EV	Lord Campden
BC_1766_EMONTAGU_EV_2	#EV	Lord Mansfield
BC_1766_EMONTAGU_EV_2	#EV	Lord Campden
BC_1766_EMONTAGU_EV_2	#EV	Lord Dartmouth
BC_1766_EMONTAGU_EV_2	#EV	Mr Montagu
BC_1766_EMONTAGU_EV_2	#EV	Lord Lyttelton
BC_1766_EMONTAGU_EV_2	#EV	Lord Moreton
BC_1766_EMONTAGU_EV_2	#EV	Lord Chancellor
BC_1766_EMONTAGU_EV_2	#EV	Lord Lyttelton
BC_1766_EMONTAGU_EV_2	#EV	Mr Vesey
BC_1766_EMONTAGU_EV_3	#EV	Mr Burke
BC_1766_EMONTAGU_EV_3	#EV	Mr Burke
BC_1766_EMONTAGU_EV_3	#EV	Mr Pitt
BC_1766_EMONTAGU_EV_3	#EV	Lady Shelburne
BC_1766_EMONTAGU_EV_3	#EV	Lord Lyttelton
BC_1766_EMONTAGU_EV_3	#EV	Lord Orrery
BC_1766_EMONTAGU_EV_3	#EV	Mr Walpole
BC_1766_EMONTAGU_EV_3	#EV	Mr Woodhouse
BC_1766_EMONTAGU_EV_3	#EV	Mrs Carter
BC_1766_EMONTAGU_EV_4	#EV	Mrs Vesey
BC_1766_EMONTAGU_EV_4	#EV	Sir James Macdonald
BC_1766_EMONTAGU_EV_4	#EV	Lady Margaret Macdonald
BC_1766_EMONTAGU_EV_4	#EV	Dr Gregory
BC_1766_EMONTAGU_EV_4	#EV	Mr Keith
BC_1766_EMONTAGU_EV_4	#EV	Dr Gregory
BC_1766_EMONTAGU_EV_4	#EV	Dr Robertson
BC_1766_EMONTAGU_EV_4	#EV	Dr Blair
BC_1766_EMONTAGU_EV_4	#EV	Dr Gregory
BC_1766_EMONTAGU_EV_4	#EV	Sir Gilbert Elliot
BC_1766_EMONTAGU_EV_4	#EV	Lord Lady Sutherland
BC_1766_EMONTAGU_EV_4	#EV	Lady Sutherland
BC_1766_EMONTAGU_EV_4	#EV	Lord Darnely
BC_1766_EMONTAGU_EV_5	#EV	Mr Montagu
BC_1766_EMONTAGU_EV_5	#EV	Mrs Vesey
BC_1766_EMONTAGU_EV_5	#EV	Lord Provost Cochran
BC_1766_EMONTAGU_EV_5	#EV	Lord Provost
BC_1766_EMONTAGU_EV_5	#EV	Duke of Argylle
BC_1766_EMONTAGU_EV_6	#EV	Mrs Vesey
BC_1766_EMONTAGU_EV_6	#EV	Dr Pocock
BC_1766_EMONTAGU_EV_6	#EV	Lord Provost
BC_1766_EMONTAGU_EV_6	#EV	Lord Kame
BC_1766_EMONTAGU_EV_6	#EV	Lord Kame
BC_1766_EMONTAGU_EV_6	#EV	Lord Kame
BC_1766_EMONTAGU_EV_6	#EV	Sir Lawrence Dundas
BC_1766_EMONTAGU_EV_6	#EV	Dr Robertson
BC_1766_EMONTAGU_EV_6	#EV	Dr Blair
BC_1766_EMONTAGU_EV_6	#EV	Sir Gilbert Elliot
BC_1766_EMONTAGU_EV_6	#EV	Lord of Liddesdale
BC_1766_EMONTAGU_EV_6	#EV	Sir Gilbert Elliot
BC_1766_EMONTAGU_EV_6	#EV	Mrs Vesey
BC_1766_EMONTAGU_EV_6	#EV	Mr Vesey
BC_1766_EMONTAGU_EV_6	#EV	Mrs Hancock
BC_1766_EMONTAGU_FB	#FB	Mr Montagu
BC_1766_EMONTAGU_FB	#FB	Mr William
BC_1766_EMONTAGU_FB	#FB	Miss Windsor
BC_1767_EMONTAGU_EC_1	#EC	Lord Lyttelton
BC_1767_EMONTAGU_EC_2	#EC	Mrs Dunbar
BC_1767_EMONTAGU_EC_2	#EC	Miss Freind
BC_1767_EMONTAGU_EC_2	#EC	Mr Campbell
BC_1767_EMONTAGU_EV	#EV	Mrs Vesey
BC_1767_EMONTAGU_EV	#EV	Mr Aislabies Hackfall
BC_1767_EMONTAGU_EV	#EV	Lady Primrose
BC_1767_EMONTAGU_EV	#EV	Sir Gilbert Heathcote
BC_1767_EMONTAGU_EV	#EV	Sir Gilbert
BC_1767_EMONTAGU_EV	#EV	Mr Percy
BC_1767_EMONTAGU_EV	#EV	Mr Percy
BC_1767_EMONTAGU_EV	#EV	Mrs Hancock
BC_1767_EMONTAGU_GL	#GL	Mr Lyttelton
BC_1767_EMONTAGU_GL	#GL	Lady Anglesey
BC_1767_EMONTAGU_GL	#GL	Lord Anglesey
BC_1767_EMONTAGU_GL	#GL	Mr Montagu
BC_1767_EMONTAGU_GL	#GL	Mr Montagu
BC_1767_EMONTAGU_GL	#GL	Mr Montagu
BC_1767_EMONTAGU_GL	#GL	Mr Montagu
BC_1767_EMONTAGU_GL	#GL	Mr Montagu
BC_1767_EMONTAGU_GL	#GL	Mr Woodhouse
BC_1767_EMONTAGU_GL	#GL	Duke of York
BC_1767_EMONTAGU_GL	#GL	Mrs Pulteney
BC_1767_EMONTAGU_GL	#GL	Dr Monsey
BC_1767_EMONTAGU_GL	#GL	Lord Chatham
BC_1767_EMONTAGU_GL	#GL	Sir Fludyer
BC_1767_EMONTAGU_SS	#SS	Mr Adam
BC_1767_EMONTAGU_SS	#SS	Mr Richardson
BC_1767_EMONTAGU_SS	#SS	Lord Barry
BC_1767_EMONTAGU_SS	#SS	Mrs Vesey
BC_1767_EMONTAGU_SS	#SS	Mrs Carter
BC_1767_EMONTAGU_SS	#SS	Mrs Boscawen
BC_1767_EMONTAGU_SS	#SS	Mrs Freind
BC_1768_EMONTAGU_EC_1	#EC	Mr Montagu
BC_1768_EMONTAGU_EC_1	#EC	Duke of Suffolk
BC_1768_EMONTAGU_EC_1	#EC	Dr Collet
BC_1768_EMONTAGU_EC_1	#EC	Lord Grantham
BC_1768_EMONTAGU_EC_1	#EC	Mrs Underdown
BC_1768_EMONTAGU_EC_2	#EC	Mrs Dunbar
BC_1768_EMONTAGU_EC_2	#EC	Mr Vesey
BC_1768_EMONTAGU_EC_2	#EC	Lord Lyttelton
BC_1768_EMONTAGU_EC_2	#EC	Mr Burke
BC_1768_EMONTAGU_EC_2	#EC	Mrs Carter
BC_1768_EMONTAGU_EC_2	#EC	Mr Montagu
BC_1768_EMONTAGU_EC_2	#EC	Mrs Underdown
BC_1768_EMONTAGU_EC_2	#EC	Mrs Talbot
BC_1768_EMONTAGU_EC_2	#EC	Lady Hervey
BC_1768_EMONTAGU_EC_3	#EC	Miss Sutton
BC_1768_EMONTAGU_EC_3	#EC	Duke of Newcastle
BC_1768_EMONTAGU_EC_3	#EC	Dr Charlton
BC_1768_EMONTAGU_EC_3	#EC	Mrs John Pitt
BC_1768_EMONTAGU_EC_3	#EC	Mr Pitt
BC_1768_EMONTAGU_EC_3	#EC	Miss Finch
BC_1768_EMONTAGU_EC_3	#EC	Miss Fraine
BC_1768_EMONTAGU_EC_3	#EC	Lady Shelburne
BC_1768_EMONTAGU_EC_3	#EC	Mr Cambridge
BC_1768_EMONTAGU_EC_3	#EC	Mr Wilkes
BC_1768_EMONTAGU_EC_3	#EC	Lord Rochford
BC_1768_EMONTAGU_EC_4	#EC	Lady Ann Dawson
BC_1768_EMONTAGU_EC_4	#EC	Lady Louise Clayton
BC_1768_EMONTAGU_EC_4	#EC	Lady Shelburne
BC_1768_EMONTAGU_EC_4	#EC	Lady Frances Coningesbye
BC_1768_EMONTAGU_EC_4	#EC	Mrs Trevor
BC_1768_EMONTAGU_EC_4	#EC	Mr Augustus Hervey
BC_1768_EMONTAGU_EC_4	#EC	Miss Chudleigh
BC_1768_EMONTAGU_EC_4	#EC	Duke of G
BC_1768_EMONTAGU_EC_4	#EC	Mr Montagu
BC_1768_EMONTAGU_EC_4	#EC	Lord Lyttelton
BC_1768_EMONTAGU_EC_4	#EC	Mr Mrs Hood
BC_1768_EMONTAGU_EC_4	#EC	Mrs Hood
BC_1768_EMONTAGU_EC_5	#EC	Lord Lyttelton
BC_1768_EMONTAGU_EC_5	#EC	Mrs J Pitt
BC_1768_EMONTAGU_EC_5	#EC	Mrs Dunbar
BC_1768_EMONTAGU_EC_5	#EC	Mrs Vesey
BC_1768_EMONTAGU_EC_5	#EC	Mrs Handcock
BC_1768_EMONTAGU_EC_5	#EC	Mrs Handcock
BC_1768_EMONTAGU_EC_5	#EC	Mrs Handcock
BC_1768_EMONTAGU_EC_5	#EC	Lady Primrose
BC_1768_EMONTAGU_EC_5	#EC	Mrs Pulteney
BC_1768_EMONTAGU_EC_5	#EC	Mr Pulteney
BC_1768_EMONTAGU_EC_5	#EC	Mrs Handcock
BC_1768_EMONTAGU_EC_5	#EC	Mr Montagu
BC_1768_EMONTAGU_EC_5	#EC	Lord Lyttelton
BC_1768_EMONTAGU_EC_5	#EC	Lady Anglesey
BC_1768_EMONTAGU_EC_5	#EC	Mr John Pitt
BC_1768_EMONTAGU_EC_5	#EC	Mrs Freind
BC_1768_EMONTAGU_EC_5	#EC	Mrs Cutts
BC_1768_EMONTAGU_EC_5	#EC	Mrs Cutts
BC_1768_EMONTAGU_EC_5	#EC	Mrs Cutts
BC_1768_EMONTAGU_ED_1	#ED	Duke of Newcastle
BC_1768_EMONTAGU_ED_1	#ED	Lord Chatham
BC_1768_EMONTAGU_ED_1	#ED	Lord Bath
BC_1768_EMONTAGU_ED_1	#ED	Mr Woodhouse
BC_1768_EMONTAGU_ED_1	#ED	Lord Lyttelton
BC_1768_EMONTAGU_ED_1	#ED	Mr Woodhouse
BC_1768_EMONTAGU_ED_2	#ED	Mr Wilkes
BC_1768_EMONTAGU_ED_2	#ED	Miss Arnold
BC_1768_EMONTAGU_ED_3	#ED	Mr Wilkes
BC_1768_EMONTAGU_ED_3	#ED	Mr Wilkes
BC_1768_EMONTAGU_ED_3	#ED	Lord Spencer
BC_1768_EMONTAGU_ED_3	#ED	Lord Weymouth
BC_1768_EMONTAGU_ED_3	#ED	Lord Chatham
BC_1768_EMONTAGU_ED_3	#ED	Mr Wilson
BC_1768_EMONTAGU_ED_4	#ED	Lady Strathmore
BC_1768_EMONTAGU_ED_4	#ED	Mr Lyttelton
BC_1768_EMONTAGU_ED_4	#ED	Mr Wilson
BC_1768_EMONTAGU_ED_4	#ED	Sir Sydney
BC_1768_EMONTAGU_ED_4	#ED	Mr Woodcock
BC_1768_EMONTAGU_ED_4	#ED	Sir Sidney
BC_1768_EMONTAGU_ED_4	#ED	Mr Wilson
BC_1768_EMONTAGU_ED_4	#ED	Mr Wilkes
BC_1768_EMONTAGU_ED_4	#ED	Mr Lyttelton
BC_1768_EMONTAGU_ED_4	#ED	Mr Wilson
BC_1768_EMONTAGU_ED_4	#ED	Sir Sydney
BC_1768_EMONTAGU_ED_5	#ED	Mr Stewart
BC_1768_EMONTAGU_ED_5	#ED	Mr Shutz
BC_1768_EMONTAGU_ED_5	#ED	Mr Stillingfleet
BC_1768_EMONTAGU_ED_5	#ED	Mr Black
BC_1768_EMONTAGU_ED_5	#ED	Mr Archdeacon
BC_1768_EMONTAGU_ED_5	#ED	Mr King
BC_1768_EMONTAGU_ED_5	#ED	Mr Black
BC_1768_EMONTAGU_EV_1	#EV	Mrs Carter
BC_1768_EMONTAGU_EV_1	#EV	Sir John Pringle
BC_1768_EMONTAGU_EV_1	#EV	Duchess of Montagu
BC_1768_EMONTAGU_EV_1	#EV	Duchess of Buccleugh
BC_1768_EMONTAGU_EV_1	#EV	Lady Primrose
BC_1768_EMONTAGU_EV_1	#EV	Mrs Carter
BC_1768_EMONTAGU_EV_1	#EV	Lady Anne Dawson
BC_1768_EMONTAGU_EV_1	#EV	Sir George Macartney
BC_1768_EMONTAGU_EV_1	#EV	Lady Jane Stewart
BC_1768_EMONTAGU_EV_1	#EV	Lord Bute
BC_1768_EMONTAGU_EV_1	#EV	Lord Bristol
BC_1768_EMONTAGU_EV_1	#EV	Lady Hervey
BC_1768_EMONTAGU_EV_1	#EV	Lord Lyttelton
BC_1768_EMONTAGU_EV_1	#EV	Mrs Dunbar
BC_1768_EMONTAGU_EV_1	#EV	Mrs J Pitt
BC_1768_EMONTAGU_EV_1	#EV	Mrs Anne Pitt
BC_1768_EMONTAGU_EV_1	#EV	Lady Louisa Clayton
BC_1768_EMONTAGU_EV_1	#EV	Mr Montagu
BC_1768_EMONTAGU_EV_1	#EV	Mr Percy
BC_1768_EMONTAGU_EV_1	#EV	Mr Walpole
BC_1768_EMONTAGU_EV_1	#EV	Duchess of Portland
BC_1768_EMONTAGU_EV_1	#EV	Mr Vesey
BC_1768_EMONTAGU_EV_1	#EV	Mrs Handcock
BC_1768_EMONTAGU_EV_2	#EV	Mr Walpole
BC_1768_EMONTAGU_EV_2	#EV	Lady Hervey
BC_1768_EMONTAGU_EV_2	#EV	Lady Moyra
BC_1768_EMONTAGU_EV_2	#EV	Countess of Desmond
BC_1768_EMONTAGU_EV_2	#EV	Countess of Desmond
BC_1768_EMONTAGU_EV_2	#EV	Mr Montagu
BC_1768_EMONTAGU_EV_2	#EV	Mr Montagu
BC_1768_EMONTAGU_EV_2	#EV	Mr Montagu
BC_1768_EMONTAGU_EV_2	#EV	Mr Wilkes
BC_1768_EMONTAGU_EV_2	#EV	Lord Tyrawley
BC_1768_EMONTAGU_EV_2	#EV	Mr Wilkes
BC_1768_EMONTAGU_EV_2	#EV	Lord Holland
BC_1768_EMONTAGU_EV_2	#EV	Lord Chatham
BC_1768_EMONTAGU_EV_2	#EV	Mrs Ann Pitt
BC_1768_EMONTAGU_EV_2	#EV	Mr Lyttelton
BC_1768_EMONTAGU_EV_2	#EV	Mr Burke
BC_1768_EMONTAGU_EV_2	#EV	Lord Lady Anglesey
BC_1768_EMONTAGU_EV_2	#EV	Lady Anglesey
BC_1768_EMONTAGU_EV_2	#EV	Lady Ann Dawson
BC_1768_EMONTAGU_EV_2	#EV	Mr Dawson
BC_1768_EMONTAGU_EV_2	#EV	Lady Ann
BC_1768_EMONTAGU_EV_2	#EV	Mr Dawson
BC_1768_EMONTAGU_EV_2	#EV	Mr Vesey
BC_1768_EMONTAGU_EV_2	#EV	Lord Lyttelton
BC_1768_EMONTAGU_EV_2	#EV	Mr Burke
BC_1768_EMONTAGU_EV_2	#EV	Mrs Carter
BC_1768_EMONTAGU_EV_2	#EV	Lord Gower
BC_1768_EMONTAGU_EV_2	#EV	Lady Susan Stewart
BC_1768_EMONTAGU_EV_2	#EV	Lady Moiyra
BC_1768_EMONTAGU_EV_2	#EV	Lady Jane Stewart
BC_1768_EMONTAGU_EV_2	#EV	Sir George Macartney
BC_1768_EMONTAGU_EV_2	#EV	Mr Jeptison
BC_1768_EMONTAGU_EV_2	#EV	Lord Townshend
BC_1768_EMONTAGU_EV_2	#EV	Mr Montagu
BC_1768_EMONTAGU_EV_2	#EV	Mrs Carter
BC_1768_EMONTAGU_EV_2	#EV	Mr Vesey
BC_1768_EMONTAGU_EV_2	#EV	Mrs Handcock
BC_1768_EMONTAGU_EV_3	#EV	Mrs Vesey
BC_1768_EMONTAGU_EV_3	#EV	Mr Montagu
BC_1768_EMONTAGU_EV_3	#EV	Mr Vesey
BC_1768_EMONTAGU_EV_3	#EV	Mrs Carter
BC_1768_EMONTAGU_EV_3	#EV	Mr Burke
BC_1768_EMONTAGU_EV_3	#EV	Lord Lyttelton
BC_1768_EMONTAGU_EV_3	#EV	Lord Lady Anglesea
BC_1768_EMONTAGU_EV_3	#EV	Lady Anglesea
BC_1768_EMONTAGU_EV_3	#EV	Lord Lyttelton
BC_1768_EMONTAGU_EV_3	#EV	Mr Stillingfleet
BC_1768_EMONTAGU_EV_3	#EV	Dr Monsey
BC_1768_EMONTAGU_EV_3	#EV	Mrs Handcock
BC_1768_EMONTAGU_EV_3	#EV	Lady Anne Dawson
BC_1768_EMONTAGU_EV_3	#EV	Mr Dawson
BC_1768_EMONTAGU_EV_3	#EV	Mr Montagu
BC_1768_EMONTAGU_EV_3	#EV	Mr Mrs Pulteney
BC_1768_EMONTAGU_EV_3	#EV	Mrs Pulteney
BC_1768_EMONTAGU_EV_3	#EV	Mrs Carter
BC_1768_EMONTAGU_EV_3	#EV	Mrs Delany
BC_1768_EMONTAGU_EV_3	#EV	Duchess of Portland
BC_1768_EMONTAGU_EV_3	#EV	Lord Edward Bentinck
BC_1768_EMONTAGU_EV_3	#EV	Lady Weymorth
BC_1768_EMONTAGU_EV_3	#EV	Lady Shelburne
BC_1768_EMONTAGU_EV_3	#EV	Mr Dangeau
BC_1768_EMONTAGU_EV_3	#EV	Lady Hervey
BC_1768_EMONTAGU_EV_3	#EV	Mr Vesey
BC_1768_EMONTAGU_EV_3	#EV	Mr Vesey
BC_1768_EMONTAGU_EV_3	#EV	Mr Gray
BC_1768_EMONTAGU_EV_3	#EV	Mr Jeptison
BC_1768_EMONTAGU_EV_3	#EV	Mrs Hancock
BC_1768_EMONTAGU_EV_3	#EV	Mr Vesey
BC_1768_EMONTAGU_EV_4	#EV	Mrs Hancock
BC_1768_EMONTAGU_EV_4	#EV	Mr Vesey
BC_1768_EMONTAGU_MA	#MA	Mr Gray
BC_1768_EMONTAGU_MA	#MA	Mr Montagu
BC_1768_EMONTAGU_MA	#MA	Dr Gregory
BC_1768_EMONTAGU_MA	#MA	Duchess of Northumberland
BC_1768_EMONTAGU_MA	#MA	Lord Provost
BC_1768_EMONTAGU_MA	#MA	Lord Provost
BC_1768_EMONTAGU_MA	#MA	Duke of Argylle
BC_1768_EMONTAGU_MA	#MA	Lord Provost
BC_1768_EMONTAGU_MA	#MA	Lord Kame
BC_1768_EMONTAGU_MA	#MA	Lord Kame
BC_1768_EMONTAGU_MA	#MA	Mr Dundas
BC_1768_EMONTAGU_MA	#MA	Lady Elliot
BC_1768_EMONTAGU_MA	#MA	Dr Robertson
BC_1768_EMONTAGU_MA	#MA	Dr Blair
BC_1768_EMONTAGU_MA	#MA	Lord Kame
BC_1768_EMONTAGU_MA	#MA	Dr Gregory
BC_1768_EMONTAGU_MA	#MA	Mr Gray
BC_1768_EMONTAGU_MA	#MA	Mr Gray
BC_1768_EMONTAGU_MA	#MA	Mr Gray
BC_1768_EMONTAGU_MA	#MA	Mr Gray
BC_1768_EMONTAGU_MA	#MA	Miss Arnold
BC_1768_EMONTAGU_MA	#MA	Mr Montagu
BC_1768_EMONTAGU_MB	#MB	Mr Dow
BC_1768_EMONTAGU_MB	#MB	Mr Dow
BC_1768_EMONTAGU_MB	#MB	Mr Montagu
BC_1768_EMONTAGU_MB	#MB	Sir James Porter
BC_1768_EMONTAGU_MB	#MB	Mr Montagu
BC_1768_EMONTAGU_MB	#MB	Mr Achard
BC_1768_EMONTAGU_MB	#MB	Sir Anthony
BC_1768_EMONTAGU_MB	#MB	Mr Wilkes
BC_1768_EMONTAGU_MB	#MB	Dr Delany
BC_1768_EMONTAGU_MB	#MB	Mrs Delany
BC_1768_EMONTAGU_MB	#MB	Mrs Sandford
BC_1768_EMONTAGU_MB	#MB	Mr Montagu
BC_1768_EMONTAGU_MB	#MB	Mr Montagu
BC_1768_EMONTAGU_MB	#MB	Mr Boyd
BC_1768_EMONTAGU_MB	#MB	Miss Chapone
BC_1768_EMONTAGU_MB	#MB	Mr Montagu
BC_1768_EMONTAGU_MR_1	#MR	Sir A
BC_1768_EMONTAGU_MR_1	#MR	Mr Montagu
BC_1768_EMONTAGU_MR_1	#MR	Mr Williams
BC_1768_EMONTAGU_MR_1	#MR	Mr Montagu
BC_1768_EMONTAGU_MR_1	#MR	Mr Montagu
BC_1768_EMONTAGU_MR_1	#MR	Mr Archdeacon
BC_1768_EMONTAGU_MR_1	#MR	Mr Archdeacon
BC_1768_EMONTAGU_MR_1	#MR	Mr William
BC_1768_EMONTAGU_MR_1	#MR	Mr Montagu
BC_1768_EMONTAGU_MR_1	#MR	Mrs Montagu
BC_1768_EMONTAGU_MR_1	#MR	Mr Montagu
BC_1768_EMONTAGU_MR_1	#MR	Mrs W Robinson
BC_1768_EMONTAGU_MR_1	#MR	Mrs Derby
BC_1768_EMONTAGU_MR_1	#MR	Sir William St Quintin
BC_1768_EMONTAGU_MR_1	#MR	Mr William
BC_1768_EMONTAGU_MR_2	#MR	Mr Montagu
BC_1768_EMONTAGU_MR_2	#MR	Mr Montagu
BC_1768_EMONTAGU_MR_2	#MR	Mr Montagu
BC_1768_EMONTAGU_MR_2	#MR	Mr Montagu
BC_1768_EMONTAGU_SS_1	#SS	Dr Gregory
BC_1768_EMONTAGU_SS_1	#SS	Mrs Cutts
BC_1768_EMONTAGU_SS_1	#SS	Mr Montagu
BC_1768_EMONTAGU_SS_1	#SS	Mr Montagu
BC_1768_EMONTAGU_SS_1	#SS	Mr Withers
BC_1768_EMONTAGU_SS_1	#SS	Mr Nood
BC_1768_EMONTAGU_SS_1	#SS	Lady Hervey
BC_1768_EMONTAGU_SS_1	#SS	Mr Mrs Pulteney
BC_1768_EMONTAGU_SS_1	#SS	Mrs Pulteney
BC_1768_EMONTAGU_SS_1	#SS	Dr Monsey
BC_1768_EMONTAGU_SS_2	#SS	Sir John Pringle
BC_1768_EMONTAGU_SS_2	#SS	Mr Coote
BC_1768_EMONTAGU_SS_2	#SS	Mrs M R
BC_1768_EMONTAGU_SS_2	#SS	Mrs Best
BC_1768_EMONTAGU_SS_2	#SS	Sir G Colebrook
BC_1768_EMONTAGU_SS_3	#SS	Mr Coote
BC_1768_EMONTAGU_SS_3	#SS	Mrs Freind
BC_1768_EMONTAGU_SS_3	#SS	Mrs Freind
BC_1768_EMONTAGU_SS_3	#SS	Mrs Freind
BC_1768_EMONTAGU_SS_3	#SS	Mrs Freind
BC_1768_EMONTAGU_SS_3	#SS	Mr Pulteney
BC_1768_EMONTAGU_SS_3	#SS	Mrs Carter
BC_1768_EMONTAGU_SS_3	#SS	Lord Lyttn
BC_1768_EMONTAGU_SS_3	#SS	Mr Moisy
BC_1768_EMONTAGU_SS_3	#SS	Mr M
BC_1768_EMONTAGU_SS_3	#SS	Mrs Cutts
BC_1768_EMONTAGU_SS_3	#SS	Miss Arnold
BC_1768_EMONTAGU_SS_4	#SS	Mrs Carter
BC_1768_EMONTAGU_SS_4	#SS	Lord Shelburne
BC_1768_EMONTAGU_SS_4	#SS	Mr Montagu
BC_1768_EMONTAGU_SS_4	#SS	Mr Montagu
BC_1768_EMONTAGU_SS_4	#SS	Dr Gregory
BC_1768_EMONTAGU_SS_4	#SS	Lord Beauchamp
BC_1768_EMONTAGU_SS_4	#SS	Lord B
BC_1768_EMONTAGU_SS_4	#SS	Lady P
BC_1768_EMONTAGU_SS_4	#SS	Sir John Fielding
BC_1768_EMONTAGU_SS_4	#SS	Lord Lyttelton
BC_1768_EMONTAGU_SS_4	#SS	Sir John
BC_1768_EMONTAGU_SS_4	#SS	Mrs Fielding
BC_1768_EMONTAGU_SS_4	#SS	Mr Montagu
BC_1768_EMONTAGU_SS_4	#SS	Mr Holford
BC_1768_EMONTAGU_SS_4	#SS	Mr Townshend
BC_1768_EMONTAGU_SS_4	#SS	Duke of Leeds
BC_1768_EMONTAGU_SS_4	#SS	Mr Wilkes
BC_1768_EMONTAGU_SS_5	#SS	Miss A Morritt
BC_1768_EMONTAGU_SS_5	#SS	Miss Sterne
BC_1768_EMONTAGU_SS_5	#SS	Mrs Sterne
BC_1768_EMONTAGU_SS_5	#SS	Miss Morrit
BC_1768_EMONTAGU_SS_5	#SS	Miss Sterne
BC_1768_EMONTAGU_SS_5	#SS	Miss Sterne
BC_1768_EMONTAGU_SS_5	#SS	Lord Rockingham
BC_1768_EMONTAGU_SS_5	#SS	Sir G Savile
BC_1768_EMONTAGU_SS_5	#SS	Lord Scarborough
BC_1768_EMONTAGU_SS_5	#SS	Mrs Drummond
BC_1768_EMONTAGU_SS_5	#SS	Mr Derby
BC_1768_EMONTAGU_SS_5	#SS	Mr Montagu
BC_1768_EMONTAGU_SS_5	#SS	Mrs Boscawen
BC_1768_EMONTAGU_SS_5	#SS	Lady Hervey
BC_1768_EMONTAGU_SS_5	#SS	Lady Hervey
BC_1768_EMONTAGU_SS_5	#SS	Mr Montagu
BC_1768_EMONTAGU_SS_5	#SS	Mr Montagu
BC_1768_EMONTAGU_SS_5	#SS	Mr Woodhouse
BC_1768_EMONTAGU_SS_5	#SS	Mrs Joddrel
BC_1768_EMONTAGU_SS_5	#SS	Lord Clare
BC_1768_EMONTAGU_SS_5	#SS	Sir Charles Grandison
BC_1768_EMONTAGU_SS_5	#SS	Mr Ford
BC_1768_EMONTAGU_SS_5	#SS	Lady Sr John
BC_1768_EMONTAGU_SS_5	#SS	Sir John
BC_1768_EMONTAGU_SS_5	#SS	Mr Montagu
BC_1769_EMONTAGU_BS	#BS	Mr Montagu
BC_1769_EMONTAGU_BS	#BS	Mr Black
BC_1769_EMONTAGU_BS	#BS	Mr Baker
BC_1769_EMONTAGU_BS	#BS	Mr Montagu
BC_1769_EMONTAGU_BS	#BS	Mr Shallot
BC_1769_EMONTAGU_BS	#BS	Mr Woodhouse
BC_1769_EMONTAGU_EC_1	#EC	Mr Shenstone
BC_1769_EMONTAGU_EC_1	#EC	Miss Talbot
BC_1769_EMONTAGU_EC_2	#EC	Mr Montagu
BC_1769_EMONTAGU_EC_2	#EC	Mr Montagu
BC_1769_EMONTAGU_EC_2	#EC	Miss Talbot
BC_1769_EMONTAGU_EC_2	#EC	Mr Garrick
BC_1769_EMONTAGU_EC_2	#EC	Mr Garrick
BC_1769_EMONTAGU_EC_2	#EC	Mrs Vesey
BC_1769_EMONTAGU_EC_2	#EC	Mr Garrick
BC_1769_EMONTAGU_EC_2	#EC	Mr Mrs Hoad
BC_1769_EMONTAGU_EC_2	#EC	Mrs Hoad
BC_1769_EMONTAGU_ED	#ED	Mr Mrs Wilmot
BC_1769_EMONTAGU_ED	#ED	Mrs Wilmot
BC_1769_EMONTAGU_ED	#ED	Mr Johnson
BC_1769_EMONTAGU_ED	#ED	Mrs Rutter
BC_1769_EMONTAGU_ED	#ED	Mr Neville
BC_1769_EMONTAGU_ED	#ED	Dr Fothergill
BC_1769_EMONTAGU_EV_1	#EV	Lord Lyttelton
BC_1769_EMONTAGU_EV_1	#EV	Mrs Carter
BC_1769_EMONTAGU_EV_1	#EV	Lord Lyttelton
BC_1769_EMONTAGU_EV_2	#EV	Mr Mrs Dunbar
BC_1769_EMONTAGU_EV_2	#EV	Mrs Dunbar
BC_1769_EMONTAGU_EV_2	#EV	Duchess of Bolton
BC_1769_EMONTAGU_EV_2	#EV	Countess of Desmond
BC_1769_EMONTAGU_EV_2	#EV	Mr Montagu
BC_1769_EMONTAGU_EV_2	#EV	Mrs Hancock
BC_1769_EMONTAGU_EV_2	#EV	Mr Vesey
BC_1769_EMONTAGU_EV_3	#EV	Mr Burke
BC_1769_EMONTAGU_EV_3	#EV	Lord Verney
BC_1769_EMONTAGU_EV_3	#EV	Sir Lawrence Dundas
BC_1769_EMONTAGU_EV_3	#EV	Lord Lyttelton
BC_1769_EMONTAGU_EV_3	#EV	Mr West
BC_1769_EMONTAGU_EV_3	#EV	Lord Bath
BC_1769_EMONTAGU_EV_3	#EV	Mr Montagu
BC_1769_EMONTAGU_EV_3	#EV	Mrs Carter
BC_1769_EMONTAGU_EV_3	#EV	Mr Lyttelton
BC_1769_EMONTAGU_EV_3	#EV	Lady Primrose
BC_1769_EMONTAGU_EV_3	#EV	Mrs Dunbar
BC_1769_EMONTAGU_EV_3	#EV	Lord Lyttelton
BC_1769_EMONTAGU_EV_3	#EV	Mr Hume
BC_1769_EMONTAGU_EV_3	#EV	Lady Margaret Macdonald
BC_1769_EMONTAGU_EV_3	#EV	Mrs Hancock
BC_1769_EMONTAGU_EV_3	#EV	Mr Vesey
BC_1769_EMONTAGU_EV_4	#EV	Mrs Vesey
BC_1769_EMONTAGU_EV_4	#EV	Mrs Carter
BC_1769_EMONTAGU_EV_4	#EV	Miss Talbot
BC_1769_EMONTAGU_EV_4	#EV	Mr Mrs Pitt
BC_1769_EMONTAGU_EV_4	#EV	Mrs Pitt
BC_1769_EMONTAGU_EV_4	#EV	Mr Mrs Dunbar
BC_1769_EMONTAGU_EV_4	#EV	Mrs Dunbar
BC_1769_EMONTAGU_EV_4	#EV	Mrs Dunbar
BC_1769_EMONTAGU_EV_4	#EV	Mr Dunbar
BC_1769_EMONTAGU_EV_4	#EV	Lord Blessington
BC_1769_EMONTAGU_EV_4	#EV	Lady Primrose
BC_1769_EMONTAGU_EV_4	#EV	Lady Westmorland
BC_1769_EMONTAGU_EV_4	#EV	Lady Primrose
BC_1769_EMONTAGU_EV_4	#EV	Duchess of Portland
BC_1769_EMONTAGU_EV_4	#EV	Mrs Delany
BC_1769_EMONTAGU_EV_4	#EV	Mrs Dashwood
BC_1769_EMONTAGU_EV_4	#EV	Mr Montagu
BC_1769_EMONTAGU_EV_4	#EV	Lord Lyttelton
BC_1769_EMONTAGU_EV_4	#EV	Lady Anglesey
BC_1769_EMONTAGU_EV_4	#EV	Mrs Carter
BC_1769_EMONTAGU_EV_4	#EV	Lord Rockingham
BC_1769_EMONTAGU_EV_4	#EV	Lord Lyttelton
BC_1769_EMONTAGU_EV_4	#EV	Mr Vesey
BC_1769_EMONTAGU_FB	#FB	Lady Margaret Macdonald
BC_1769_EMONTAGU_FB	#FB	Mrs Ord
BC_1769_EMONTAGU_FB	#FB	Lady Charlotte Finch
BC_1769_EMONTAGU_FB	#FB	Miss Harriot Finch
BC_1769_EMONTAGU_FB	#FB	Miss Sophia
BC_1769_EMONTAGU_FB	#FB	Mrs Carter
BC_1769_EMONTAGU_FB	#FB	Mrs Miss Talbot
BC_1769_EMONTAGU_FB	#FB	Miss Talbot
BC_1769_EMONTAGU_FB	#FB	Miss Talbot
BC_1769_EMONTAGU_FB	#FB	Mrs Carter
BC_1769_EMONTAGU_FB	#FB	Miss Talbot
BC_1769_EMONTAGU_FB	#FB	Mrs Talbot
BC_1769_EMONTAGU_FB	#FB	Mrs Carter
BC_1769_EMONTAGU_FB	#FB	Mr Montagu
BC_1769_EMONTAGU_FB	#FB	Miss Boscawen
BC_1769_EMONTAGU_GL_1	#GL	Mr Montagu
BC_1769_EMONTAGU_GL_1	#GL	Lord Lyttelton
BC_1769_EMONTAGU_GL_1	#GL	Mr Montagu
BC_1769_EMONTAGU_GL_1	#GL	Duke of Montagu
BC_1769_EMONTAGU_GL_1	#GL	Mr Montagu
BC_1769_EMONTAGU_GL_2	#GL	Mr Black
BC_1769_EMONTAGU_GL_2	#GL	Lord Lyttelton
BC_1769_EMONTAGU_GL_2	#GL	Mr Granger
BC_1769_EMONTAGU_GL_2	#GL	Mr Granger
BC_1769_EMONTAGU_GL_2	#GL	Mr Garrick
BC_1769_EMONTAGU_GL_2	#GL	Mr Garrick
BC_1769_EMONTAGU_GL_2	#GL	Mr Garrick
BC_1769_EMONTAGU_GL_2	#GL	Mr Black
BC_1769_EMONTAGU_GL_2	#GL	Lady Anglesey
BC_1769_EMONTAGU_GL_2	#GL	Lady Anglesey
BC_1769_EMONTAGU_GL_2	#GL	Mr Montagu
BC_1769_EMONTAGU_GL_3	#GL	Mr Grenville
BC_1769_EMONTAGU_GL_3	#GL	Mr Hawkins
BC_1769_EMONTAGU_GL_4	#GL	Miss Talbot
BC_1769_EMONTAGU_GL_4	#GL	Mrs Grenville
BC_1769_EMONTAGU_GL_4	#GL	Mr Grenville
BC_1769_EMONTAGU_GL_4	#GL	Miss Stapylton
BC_1769_EMONTAGU_GL_4	#GL	Miss Stapylton
BC_1769_EMONTAGU_GL_4	#GL	Mr Grenville
BC_1769_EMONTAGU_GL_4	#GL	Miss Grenville
BC_1769_EMONTAGU_GL_4	#GL	Lady Anglesey
BC_1769_EMONTAGU_GL_4	#GL	Mr Andrew Stone
BC_1769_EMONTAGU_GL_4	#GL	Mr Melmoth
BC_1769_EMONTAGU_GL_4	#GL	Mr Jourdain
BC_1769_EMONTAGU_GL_4	#GL	Mr Black
BC_1769_EMONTAGU_GL_4	#GL	Mr Black
BC_1769_EMONTAGU_GL_4	#GL	Lord Lady Anglesey
BC_1769_EMONTAGU_GL_4	#GL	Lady Anglesey
BC_1769_EMONTAGU_GL_4	#GL	Mr Montagu
BC_1769_EMONTAGU_GL_4	#GL	Mr Montagu
BC_1769_EMONTAGU_MR_1	#MR	Mr Montagu
BC_1769_EMONTAGU_MR_1	#MR	Mr Montagu
BC_1769_EMONTAGU_MR_1	#MR	Mrs Carter
BC_1769_EMONTAGU_MR_1	#MR	Lady Frances Coningesbye
BC_1769_EMONTAGU_MR_1	#MR	Mrs Carter
BC_1769_EMONTAGU_MR_2	#MR	Mr Pope
BC_1769_EMONTAGU_MR_2	#MR	Dr Johnson
BC_1769_EMONTAGU_MR_2	#MR	Miss Eliza Musgrove
BC_1769_EMONTAGU_MR_2	#MR	Mr Stillingfleet
BC_1769_EMONTAGU_MR_2	#MR	Mr Montagu
BC_1769_EMONTAGU_MR_2	#MR	Mrs Carter
BC_1769_EMONTAGU_MR_2	#MR	Mrs Hawking
BC_176x_EMONTAGU_EV_1	#EV	Mr Vesey
BC_176x_EMONTAGU_EV_1	#EV	Mr Macpherson
BC_176x_EMONTAGU_EV_1	#EV	Mrs Hancock
BC_176x_EMONTAGU_EV_1	#EV	Mr Vesey
BC_176x_EMONTAGU_EV_2	#EV	Lady Primrose
BC_176x_EMONTAGU_EV_2	#EV	Mr Vesey
BC_176x_EMONTAGU_EV_2	#EV	Mrs Hancock
BC_1770_EMONTAGU_EC_1	#EC	Dr Carter
BC_1770_EMONTAGU_EC_1	#EC	Mr Smelt
BC_1770_EMONTAGU_EC_1	#EC	Mr Smelt
BC_1770_EMONTAGU_EC_1	#EC	Mr Aislabie
BC_1770_EMONTAGU_EC_1	#EC	Mr Smelt
BC_1770_EMONTAGU_EC_1	#EC	Mr Archdeacon
BC_1770_EMONTAGU_EC_1	#EC	Mr Archdeacon
BC_1770_EMONTAGU_EC_1	#EC	Mr Montagu
BC_1770_EMONTAGU_EC_1	#EC	Mr Montagu
BC_1770_EMONTAGU_EC_1	#EC	Mr Black
BC_1770_EMONTAGU_EC_2	#EC	Mrs Hancock
BC_1770_EMONTAGU_EC_2	#EC	Mrs Hancock
BC_1770_EMONTAGU_EC_2	#EC	Mr B
BC_1770_EMONTAGU_EC_2	#EC	Mrs Chapone
BC_1770_EMONTAGU_EC_2	#EC	Dr Ogle
BC_1770_EMONTAGU_EC_2	#EC	Mr Archdeacon
BC_1770_EMONTAGU_EC_2	#EC	Lord Lady Camden
BC_1770_EMONTAGU_EC_2	#EC	Lady Camden
BC_1770_EMONTAGU_EC_2	#EC	Lord Worthington
BC_1770_EMONTAGU_EC_2	#EC	Mrs Monro
BC_1770_EMONTAGU_EC_2	#EC	Mrs Chapone
BC_1770_EMONTAGU_EC_2	#EC	Lord Dartrce
BC_1770_EMONTAGU_EC_2	#EC	Dr Carter
BC_1770_EMONTAGU_EC_2	#EC	Mrs Underdown
BC_1770_EMONTAGU_EC_2	#EC	Mrs Chapone
BC_1770_EMONTAGU_EV	#EV	Mrs Carter
BC_1770_EMONTAGU_EV	#EV	Lord Lyttelton
BC_1770_EMONTAGU_EV	#EV	Mr Burke
BC_1770_EMONTAGU_EV	#EV	Mr de Grey
BC_1770_EMONTAGU_EV	#EV	Lord Keeper
BC_1770_EMONTAGU_EV	#EV	Mr Grenville
BC_1770_EMONTAGU_EV	#EV	Lord Lyttelton
BC_1770_EMONTAGU_EV	#EV	Mrs Handcock
BC_1770_EMONTAGU_EV	#EV	Mr Vesey
BC_1770_EMONTAGU_EV	#EV	Lady Shelburne
BC_1770_EMONTAGU_MA	#MA	Lord Scarsdale
BC_1770_EMONTAGU_MA	#MA	Lord Breadalban
BC_1770_EMONTAGU_MA	#MA	Lord Scarsdale
BC_1770_EMONTAGU_MA	#MA	Dr Gregory
BC_1770_EMONTAGU_MA	#MA	Mrs Chapone
BC_1770_EMONTAGU_MA	#MA	Lord Barging
BC_1770_EMONTAGU_MA	#MA	Mr Charles Ereskine
BC_1770_EMONTAGU_MA	#MA	Lord Barging
BC_1770_EMONTAGU_MA	#MA	Lord Barging
BC_1770_EMONTAGU_MA	#MA	Lord Kinnoul
BC_1770_EMONTAGU_MA	#MA	Lord Kinnoul
BC_1770_EMONTAGU_MA	#MA	Duke of Newcastle
BC_1770_EMONTAGU_MA	#MA	Lord Breadalbane
BC_1770_EMONTAGU_MA	#MA	Lord Breadalbane
BC_1770_EMONTAGU_MA	#MA	Lord Kaime
BC_1770_EMONTAGU_MA	#MA	Lord Kaime
BC_1770_EMONTAGU_MA	#MA	Mr George Granville
BC_1770_EMONTAGU_MA	#MA	Mr de Grey
BC_1770_EMONTAGU_MA	#MA	Lord Keeper
BC_1770_EMONTAGU_MA	#MA	Lord Chatham
BC_1770_EMONTAGU_MA	#MA	Mr Grenville
BC_1770_EMONTAGU_MA	#MA	Mr Montagu
BC_1770_EMONTAGU_MA	#MA	Mrs Scott
BC_1771_EMONTAGU_BS	#BS	Mr Baker
BC_1771_EMONTAGU_BS	#BS	Dr Morley
BC_1771_EMONTAGU_BS	#BS	Lord Chatham
BC_1771_EMONTAGU_BS	#BS	Mr Baker
BC_1771_EMONTAGU_BS	#BS	Mrs Pitt
BC_1771_EMONTAGU_BS	#BS	Mr Mrs Pitt
BC_1771_EMONTAGU_BS	#BS	Mrs Pitt
BC_1771_EMONTAGU_BS	#BS	Mr Stewart
BC_1771_EMONTAGU_EV	#EV	Mr Salkeld
BC_1771_EMONTAGU_EV	#EV	Lord Lyttelton
BC_1771_EMONTAGU_EV	#EV	Mr Perry
BC_1771_EMONTAGU_EV	#EV	Mr Garrick
BC_1771_EMONTAGU_EV	#EV	Dr Cadogan
BC_1771_EMONTAGU_EV	#EV	Lady Chatham
BC_1771_EMONTAGU_EV	#EV	Mr Mrs Garrick
BC_1771_EMONTAGU_EV	#EV	Mrs Garrick
BC_1771_EMONTAGU_EV	#EV	Lady Buchan
BC_1771_EMONTAGU_EV	#EV	Lord Lyttelton
BC_1771_EMONTAGU_EV	#EV	Mrs Carter
BC_1771_EMONTAGU_EV	#EV	Mrs Norman
BC_1771_EMONTAGU_EV	#EV	Mr Vesey
BC_1771_EMONTAGU_EV	#EV	Mrs Handcock
BC_1771_EMONTAGU_MA_1	#MA	Lord Villier
BC_1771_EMONTAGU_MA_1	#MA	Lord Townly
BC_1771_EMONTAGU_MA_1	#MA	Miss Hodge
BC_1771_EMONTAGU_MA_1	#MA	Lady Townly
BC_1771_EMONTAGU_MA_1	#MA	Mr le Texier
BC_1771_EMONTAGU_MA_1	#MA	Miss Hodge
BC_1771_EMONTAGU_MA_1	#MA	Mr le Texier
BC_1771_EMONTAGU_MA_1	#MA	Miss Hodge
BC_1771_EMONTAGU_MA_1	#MA	Lord Granby
BC_1771_EMONTAGU_MA_1	#MA	Miss Arnold
BC_1771_EMONTAGU_MA_1	#MA	Dr de la Cour
BC_1771_EMONTAGU_MA_1	#MA	Dr Pennington
BC_1771_EMONTAGU_MA_2	#MA	Mr Montagu
BC_1771_EMONTAGU_MA_2	#MA	Mr Burke
BC_1771_EMONTAGU_MA_2	#MA	Mr Montagu
BC_1771_EMONTAGU_MA_2	#MA	Mr Burke
BC_1771_EMONTAGU_MA_2	#MA	Lord Lady Temple
BC_1771_EMONTAGU_MA_2	#MA	Lady Temple
BC_1771_EMONTAGU_MA_2	#MA	Lord Temple
BC_1771_EMONTAGU_MA_2	#MA	Lord Nuneham
BC_1771_EMONTAGU_MA_2	#MA	Mr Mrs Griffith
BC_1771_EMONTAGU_MA_2	#MA	Mrs Griffith
BC_1771_EMONTAGU_MA_2	#MA	Mr Herbert
BC_1771_EMONTAGU_MA_2	#MA	Lady Elizabeth
BC_1771_EMONTAGU_MA_2	#MA	Mr Herbert
BC_1771_EMONTAGU_MA_2	#MA	Miss Mary
BC_1771_EMONTAGU_MA_2	#MA	Mr Montagu
BC_1771_EMONTAGU_MA_2	#MA	Mr Montagu
BC_1771_EMONTAGU_MA_2	#MA	Mr Gray
BC_1771_EMONTAGU_MA_2	#MA	Mr Gray
BC_1771_EMONTAGU_RB	#RB	Sir Guyin
BC_1775_EMONTAGU_EC_1	#EC	Mr Bruce
BC_1775_EMONTAGU_EC_1	#EC	Mrs W Robinson
BC_1775_EMONTAGU_EC_1	#EC	Miss Cooper
BC_1775_EMONTAGU_EC_1	#EC	Mr Hoare
BC_1775_EMONTAGU_EC_1	#EC	Lady C M
BC_1775_EMONTAGU_EC_1	#EC	Miss Gordon
BC_1775_EMONTAGU_EC_1	#EC	Miss Annie Gregory
BC_1775_EMONTAGU_EC_1	#EC	Mrs Beattie
BC_1775_EMONTAGU_EC_2	#EC	Dr Forthergill
BC_1775_EMONTAGU_EC_2	#EC	Dr Fothergill
BC_1775_EMONTAGU_EC_2	#EC	Dr Fothergill
BC_1775_EMONTAGU_EV_1	#EV	Mr Sprange
BC_1775_EMONTAGU_EV_1	#EV	Mrs Pitt
BC_1775_EMONTAGU_EV_1	#EV	Mrs Hancock
BC_1775_EMONTAGU_EV_2	#EV	Mr Vesey
BC_1775_EMONTAGU_EV_2	#EV	Mrs Hancock
BC_1775_EMONTAGU_EV_2	#EV	Mr Burke
BC_1775_EMONTAGU_EV_2	#EV	Sir G Macartney
BC_1775_EMONTAGU_EV_2	#EV	Mr C Fox
BC_1775_EMONTAGU_EV_2	#EV	Sir Josh
BC_1775_EMONTAGU_EV_2	#EV	Mr Burke
BC_1775_EMONTAGU_EV_2	#EV	Lord Bath
BC_1775_EMONTAGU_EV_3	#EV	Dr Douglas
BC_1775_EMONTAGU_EV_3	#EV	Mrs Carter
BC_1775_EMONTAGU_MO	#MO	Mr Archdeacon
BC_1775_EMONTAGU_MO	#MO	Mr Archdeacon
BC_1775_EMONTAGU_MO	#MO	Mr Mrs Bigge
BC_1775_EMONTAGU_MO	#MO	Mrs Bigge
BC_1775_EMONTAGU_MO	#MO	Mr Burrows
BC_1775_EMONTAGU_MO	#MO	Mr Burrows
BC_1775_EMONTAGU_MO	#MO	Mr Burrows
BC_1775_EMONTAGU_MO	#MO	Mr Powis
BC_1775_EMONTAGU_MO	#MO	Mrs Fry
BC_1775_EMONTAGU_MO	#MO	Mrs Scott
BC_1775_EMONTAGU_MO	#MO	Mr Montagu
BC_1775_EMONTAGU_MO	#MO	Miss Gordon
BC_1775_EMONTAGU_MO	#MO	Miss Annie Greg
BC_1775_EMONTAGU_MO	#MO	Miss Gordon
BC_1775_EMONTAGU_MO	#MO	Miss Gregory
BC_1775_EMONTAGU_MO	#MO	Mrs Robinson
BC_1775_EMONTAGU_MO	#MO	Mr Burrows
BC_1775_EMONTAGU_MO	#MO	Mr Archdeacon
BC_1775_EMONTAGU_MO	#MO	Mr Faxcalle
BC_1775_EMONTAGU_SS	#SS	Dr Fothergill
BC_1775_EMONTAGU_SS	#SS	Mrs Cholmly
BC_1775_EMONTAGU_SS	#SS	Dr Fothergill
BC_1775_EMONTAGU_SS	#SS	Mr Farquahar
BC_1775_EMONTAGU_SS	#SS	Miss A
BC_1776_EMONTAGU_EC	#EC	Mr Dilly
BC_1776_EMONTAGU_EV_1	#EV	Mr Letexier
BC_1776_EMONTAGU_EV_1	#EV	Mrs Carter
BC_1776_EMONTAGU_EV_1	#EV	Miss Gregory
BC_1776_EMONTAGU_EV_1	#EV	Mrs Hancock
BC_1776_EMONTAGU_EV_1	#EV	Miss Gregory
BC_1776_EMONTAGU_EV_2	#EV	Lord Lyttelton
BC_1776_EMONTAGU_EV_2	#EV	Mrs Carter
BC_1776_EMONTAGU_EV_2	#EV	Miss Gregory
BC_1776_EMONTAGU_EV_2	#EV	Mr Matthew
BC_1776_EMONTAGU_EV_2	#EV	Mrs Hancock
BC_1776_EMONTAGU_EV_3	#EV	Lord Soreham
BC_1776_EMONTAGU_EV_3	#EV	Mrs Vesey
BC_1776_EMONTAGU_EV_3	#EV	Mr le Taxier
BC_1776_EMONTAGU_EV_3	#EV	Mrs Hancock
BC_1776_EMONTAGU_EV_3	#EV	Mr Addison
BC_1776_EMONTAGU_EV_4	#EV	Mr l'Abb√© Arnauld
BC_1776_EMONTAGU_EV_4	#EV	Mr D'Alembert
BC_1776_EMONTAGU_EV_4	#EV	Miss Gregory
BC_1776_EMONTAGU_EV_4	#EV	Lord Lady Hillsborough
BC_1776_EMONTAGU_EV_4	#EV	Lady Hillsborough
BC_1776_EMONTAGU_EV_4	#EV	Lord Eglentoune
BC_1776_EMONTAGU_EV_4	#EV	Mrs Hancock
BC_1776_EMONTAGU_EV_4	#EV	Mr Mrs Dunbar
BC_1776_EMONTAGU_EV_4	#EV	Mrs Dunbar
BC_1776_EMONTAGU_EV_4	#EV	Mr Evesham
BC_1776_EMONTAGU_SS_1	#SS	Lady Montagu
BC_1776_EMONTAGU_SS_1	#SS	Mrs Cote
BC_1776_EMONTAGU_SS_1	#SS	Mrs Smith
BC_1776_EMONTAGU_SS_1	#SS	Mr Greenland
BC_1776_EMONTAGU_SS_1	#SS	Mrs Freind
BC_1776_EMONTAGU_SS_1	#SS	Miss Gregory
BC_1776_EMONTAGU_SS_1	#SS	Mrs Robinson
BC_1776_EMONTAGU_SS_2	#SS	Mr Burrows
BC_1776_EMONTAGU_SS_2	#SS	Duchess of Beaufort
BC_1776_EMONTAGU_SS_2	#SS	Mr Duane
BC_1776_EMONTAGU_SS_2	#SS	Mr Black
BC_1776_EMONTAGU_SS_2	#SS	Mr Smelt
BC_1776_EMONTAGU_SS_2	#SS	Miss Arnold
BC_1776_EMONTAGU_SS_2	#SS	Mrs Cutts
BC_1776_EMONTAGU_SS_2	#SS	Miss Gregory
BC_1776_EMONTAGU_SS_2	#SS	Mr Blondel
BC_1776_EMONTAGU_SS_3	#SS	Mrs Vesey
BC_1776_EMONTAGU_SS_3	#SS	Mrs Cutts
BC_1777_EMONTAGU_HR	#HR	Mr Montagu
BC_1777_EMONTAGU_HR	#HR	Lord Chatham
BC_1777_EMONTAGU_HR	#HR	Sir William Robinson
BC_1777_EMONTAGU_MA_1	#MA	Miss Robinson
BC_1777_EMONTAGU_MA_1	#MA	Duchess of Devonshire
BC_1777_EMONTAGU_MA_1	#MA	Mr Sheridan
BC_1777_EMONTAGU_MA_1	#MA	Sir William Temple
BC_1777_EMONTAGU_MA_1	#MA	Dr Robertson
BC_1777_EMONTAGU_MA_1	#MA	Lord Shelburne
BC_1777_EMONTAGU_MA_1	#MA	Lord Primate
BC_1777_EMONTAGU_MA_1	#MA	Mrs Vesey
BC_1777_EMONTAGU_MA_1	#MA	Lady Edgecumbe
BC_1777_EMONTAGU_MA_1	#MA	Mr Edgecumbe
BC_1777_EMONTAGU_MA_1	#MA	Lady Nuneham
BC_1777_EMONTAGU_MA_1	#MA	Mr Mrs Vesey
BC_1777_EMONTAGU_MA_1	#MA	Mrs Vesey
BC_1777_EMONTAGU_MA_1	#MA	Mr Burke
BC_1777_EMONTAGU_MA_1	#MA	Lord Primate
BC_1777_EMONTAGU_MA_1	#MA	Sir William Robinson
BC_1777_EMONTAGU_MA_1	#MA	Mrs Charles Robinson
BC_1777_EMONTAGU_MA_2	#MA	Mrs Vesey
BC_1777_EMONTAGU_MA_2	#MA	Sir J Pringle
BC_1777_EMONTAGU_MA_2	#MA	Mr Farquahar
BC_1777_EMONTAGU_MA_2	#MA	Mrs Carter
BC_1777_EMONTAGU_MA_2	#MA	Mr Gelbank
BC_1777_EMONTAGU_MA_2	#MA	Mr Heath
BC_1777_EMONTAGU_MA_2	#MA	Lord Harcourt
BC_1777_EMONTAGU_MA_2	#MA	Lady Nuneham
BC_1777_EMONTAGU_MA_2	#MA	Lord Harcourt
BC_1777_EMONTAGU_MA_2	#MA	Sir William Robinson
BC_1777_EMONTAGU_MA_2	#MA	Miss Mary
BC_1777_EMONTAGU_MA_3	#MA	Miss Gregory
BC_1777_EMONTAGU_MA_3	#MA	Lord Dartmouth
BC_1777_EMONTAGU_MA_3	#MA	Lord Rochford
BC_1777_EMONTAGU_MA_3	#MA	Lord Weymouth
BC_1777_EMONTAGU_MA_3	#MA	Lord Rochford
BC_1777_EMONTAGU_MA_3	#MA	Lord George Germaine
BC_1777_EMONTAGU_MA_3	#MA	Lord Dartmouth
BC_1777_EMONTAGU_MA_3	#MA	Lord Lyttelton
BC_1777_EMONTAGU_MA_3	#MA	Lord Chatham
BC_1777_EMONTAGU_MA_3	#MA	Lord Shelburne
BC_1777_EMONTAGU_MA_3	#MA	Mr Burke
BC_1777_EMONTAGU_MA_3	#MA	Lady Mary Sommerset
BC_1777_EMONTAGU_MA_3	#MA	Miss Gregory
BC_1777_EMONTAGU_MA_3	#MA	Lady Mary
BC_1777_EMONTAGU_MA_3	#MA	Lady Betty
BC_1777_EMONTAGU_MA_3	#MA	Lord Granby
BC_1777_EMONTAGU_MA_3	#MA	Lady Betty
BC_1777_EMONTAGU_MA_3	#MA	Miss Gregory
BC_1777_EMONTAGU_MA_3	#MA	Miss Gregory
BC_1778_EMONTAGU_EC_1	#EC	Mrs Pennington
BC_1778_EMONTAGU_EC_1	#EC	Mrs Ord
BC_1778_EMONTAGU_EC_1	#EC	Miss Sharpe
BC_1778_EMONTAGU_EC_1	#EC	Dr Price
BC_1778_EMONTAGU_EC_1	#EC	Mrs Pennington
BC_1778_EMONTAGU_EC_1	#EC	Mr Mrs Barboult
BC_1778_EMONTAGU_EC_1	#EC	Mrs Barboult
BC_1778_EMONTAGU_EC_1	#EC	Mrs Underdown
BC_1778_EMONTAGU_EC_1	#EC	Miss Sharp
BC_1778_EMONTAGU_EC_2	#EC	Mr Woodhouse
BC_1778_EMONTAGU_EC_2	#EC	Miss Gregory
BC_1778_EMONTAGU_EC_3	#EC	Lord Hardwicke
BC_1778_EMONTAGU_EC_3	#EC	Lord Bacon
BC_1778_EMONTAGU_EC_3	#EC	Lord Chatham
BC_1778_EMONTAGU_MA_1	#MA	Miss Burrel
BC_1778_EMONTAGU_MA_1	#MA	Lady Algernoon Percy
BC_1778_EMONTAGU_MA_1	#MA	Lady George Germaine
BC_1778_EMONTAGU_MA_1	#MA	Mr Valouys
BC_1778_EMONTAGU_MA_1	#MA	Mr Lever
BC_1778_EMONTAGU_MA_1	#MA	Mr de Buffon
BC_1778_EMONTAGU_MA_1	#MA	Mr Lever
BC_1778_EMONTAGU_MA_1	#MA	Miss Gregory
BC_1778_EMONTAGU_MA_2	#MA	Mr Thomas Harris
BC_1778_EMONTAGU_MA_2	#MA	Mrs Harris
BC_1778_EMONTAGU_MA_2	#MA	Mrs M Robinson
BC_1778_EMONTAGU_MA_2	#MA	Mr Harris
BC_1778_EMONTAGU_MA_2	#MA	Mrs M Robinson
BC_1778_EMONTAGU_MA_2	#MA	Mrs Charles Robinson
BC_1778_EMONTAGU_MA_2	#MA	Miss Burrel
BC_1778_EMONTAGU_MA_2	#MA	Duchess of Beaufort
BC_1778_EMONTAGU_MA_2	#MA	Lady Ann
BC_1778_EMONTAGU_MA_2	#MA	Lady Betty French
BC_1778_EMONTAGU_MA_2	#MA	Mrs Mary
BC_1778_EMONTAGU_MA_2	#MA	Miss Gregory
BC_1778_EMONTAGU_MA_2	#MA	Mr Heath
BC_1778_EMONTAGU_MA_3	#MA	Mrs Walsingham
BC_1778_EMONTAGU_MA_3	#MA	Lord Chatham
BC_1778_EMONTAGU_MA_3	#MA	Lord Mahon
BC_1778_EMONTAGU_MA_3	#MA	Lord Shelburne
BC_1778_EMONTAGU_MA_3	#MA	Lord Shelburne
BC_1778_EMONTAGU_MA_3	#MA	Mr Pulteney
BC_1778_EMONTAGU_MA_3	#MA	Dr Franklin
BC_1778_EMONTAGU_MA_3	#MA	Mrs Pulteney
BC_1778_EMONTAGU_MA_3	#MA	Dr Robertson
BC_1778_EMONTAGU_MA_3	#MA	Mrs Scott
BC_1778_EMONTAGU_MA_3	#MA	Miss Arnold
BC_1778_EMONTAGU_MA_3	#MA	Miss A
BC_1778_EMONTAGU_MA_3	#MA	Mrs Robinson
BC_1778_EMONTAGU_MA_3	#MA	Lord Kerry
BC_1778_EMONTAGU_MA_4	#MA	Duke of Leeds
BC_1778_EMONTAGU_MA_4	#MA	Lady Spencer
BC_1778_EMONTAGU_MA_4	#MA	Lady Clermont
BC_1778_EMONTAGU_MA_4	#MA	Mrs Broughton
BC_1778_EMONTAGU_MA_4	#MA	Mr Mrs Wedderburne
BC_1778_EMONTAGU_MA_4	#MA	Mrs Wedderburne
BC_1778_EMONTAGU_MA_4	#MA	Lady Spencer
BC_1778_EMONTAGU_MA_4	#MA	Duchess of Devonshire
BC_1778_EMONTAGU_MA_4	#MA	Miss Gregory
BC_1778_EMONTAGU_MA_4	#MA	Mr Mrs Thrale
BC_1778_EMONTAGU_MA_4	#MA	Mrs Thrale
BC_1778_EMONTAGU_MA_4	#MA	Mrs Best
BC_1778_EMONTAGU_MA_4	#MA	Miss Gregory
BC_1778_EMONTAGU_MA_4	#MA	Miss Gregory
BC_1778_EMONTAGU_MA_4	#MA	Lord Kaime
BC_1778_EMONTAGU_MA_4	#MA	Mrs Drummond
BC_1778_EMONTAGU_MA_4	#MA	Miss Arnold
BC_1778_EMONTAGU_MA_4	#MA	Miss Gregory
BC_1778_EMONTAGU_MB_1	#MB	Mr Smelt
BC_1778_EMONTAGU_MB_1	#MB	Mr Smelt
BC_1778_EMONTAGU_MB_1	#MB	Mr Mrs Smelt
BC_1778_EMONTAGU_MB_1	#MB	Mrs Smelt
BC_1778_EMONTAGU_MB_1	#MB	Mr Smelt
BC_1778_EMONTAGU_MB_1	#MB	Mr Smelt
BC_1778_EMONTAGU_MB_1	#MB	Sir Callidore
BC_1778_EMONTAGU_MB_1	#MB	Miss Gregory
BC_1778_EMONTAGU_MB_1	#MB	Mrs Delany
BC_1778_EMONTAGU_MB_2	#MB	Lady Spencer
BC_1778_EMONTAGU_MB_2	#MB	Duchess of Devonshire
BC_1778_EMONTAGU_MB_2	#MB	Lady Clermont
BC_1778_EMONTAGU_MB_2	#MB	Mrs Delany
BC_1778_EMONTAGU_MB_2	#MB	Mrs Vesey
BC_1778_EMONTAGU_MB_2	#MB	Mr Vesey
BC_1778_EMONTAGU_MB_2	#MB	Mrs Vesey
BC_1778_EMONTAGU_MB_2	#MB	Lady Henrietta Roper
BC_1778_EMONTAGU_MB_2	#MB	Mr Drummond
BC_1778_EMONTAGU_MB_2	#MB	Mr Drummond
BC_1778_EMONTAGU_MB_2	#MB	Mrs Delany
BC_1778_EMONTAGU_MB_2	#MB	Miss Gregory
BC_177x_EMONTAGU_RB	#RB	Mrs Hord
BC_177x_EMONTAGU_RB	#RB	Mrs Fitzmaurice
BC_177x_EMONTAGU_RB	#RB	Mr Rust
BC_177x_EMONTAGU_RB	#RB	Miss Gregory
BC_1781_EMONTAGU_EC_1	#EC	Mrs Garrick
BC_1781_EMONTAGU_EC_1	#EC	Miss Moore
BC_1781_EMONTAGU_EC_1	#EC	Mrs Garrick
BC_1781_EMONTAGU_EC_1	#EC	Mr Garrick
BC_1781_EMONTAGU_EC_1	#EC	Miss More
BC_1781_EMONTAGU_EC_1	#EC	Miss More
BC_1781_EMONTAGU_EC_1	#EC	Mrs Pennington
BC_1781_EMONTAGU_EC_2	#EC	Dr Woodcock
BC_1781_EMONTAGU_EC_2	#EC	Mr B
BC_1781_EMONTAGU_EC_2	#EC	Mrs Chapone
BC_1781_EMONTAGU_EC_2	#EC	Lord Lady Dastrey
BC_1781_EMONTAGU_EC_2	#EC	Lady Dastrey
BC_1781_EMONTAGU_EC_2	#EC	Lord Shelburne
BC_1781_EMONTAGU_EC_2	#EC	Mrs Fielding
BC_1781_EMONTAGU_EC_2	#EC	Miss Boughton
BC_1781_EMONTAGU_EC_2	#EC	Mr Bryant
BC_1781_EMONTAGU_EC_2	#EC	Mrs Boscawen
BC_1781_EMONTAGU_EC_2	#EC	Lady Frances Coningesby
BC_1781_EMONTAGU_EC_2	#EC	Lord Malden
BC_1781_EMONTAGU_EC_2	#EC	Mrs Walsingham
BC_1781_EMONTAGU_EC_2	#EC	Lord Salisbury
BC_1781_EMONTAGU_EC_2	#EC	Duchess of Portland
BC_1781_EMONTAGU_EC_2	#EC	Mrs Delany
BC_1781_EMONTAGU_EC_2	#EC	Miss Sharpe
BC_1781_EMONTAGU_EC_2	#EC	Miss Sharp
BC_1781_EMONTAGU_EC_2	#EC	Miss Gregory
BC_1782_EMONTAGU_EC	#EC	Mrs Cutts
BC_1782_EMONTAGU_EC	#EC	Mr Mrs Hingham
BC_1782_EMONTAGU_EC	#EC	Mrs Hingham
BC_1782_EMONTAGU_EC	#EC	Mrs Scott
BC_1782_EMONTAGU_EC	#EC	Mr William Gregory
BC_1782_EMONTAGU_EC	#EC	Mrs Underdown
BC_1782_EMONTAGU_EC	#EC	Mrs Scott
BC_1782_EMONTAGU_EC	#EC	Miss Gregory
BC_1782_EMONTAGU_SS	#SS	Mrs Vesey
BC_1782_EMONTAGU_SS	#SS	Lord Howe
BC_1782_EMONTAGU_SS	#SS	Miss A
BC_1783_EMONTAGU_EC	#EC	Mr Lyttelton
BC_1783_EMONTAGU_EC	#EC	Lord Westcote
BC_1783_EMONTAGU_EC	#EC	Mr Lyttelton Montagu
BC_1783_EMONTAGU_EC	#EC	Mr Lyttelton
BC_1783_EMONTAGU_EC	#EC	Lord Lyttelton
BC_1783_EMONTAGU_EC	#EC	Mr Vesey
BC_1783_EMONTAGU_EC	#EC	Dr Warren
BC_1783_EMONTAGU_EC	#EC	Mr Lyttelton
BC_1783_EMONTAGU_EC	#EC	Mr Clayton
BC_1783_EMONTAGU_EC	#EC	Lady Louisa
BC_1783_EMONTAGU_EC	#EC	Lady Louisa
BC_1783_EMONTAGU_EC	#EC	Mr Carter
BC_1783_EMONTAGU_EC	#EC	Mrs Underdown
BC_1783_EMONTAGU_EC	#EC	Mrs Pennington
BC_1783_EMONTAGU_EC	#EC	Dr Douglas
BC_1783_EMONTAGU_EC	#EC	Miss Beddy Belair
BC_1783_EMONTAGU_EC	#EC	Miss Gregory
BC_1783_EMONTAGU_EC	#EC	Mr Gilbank
BC_1785_EMONTAGU_SS	#SS	Miss Robinson
BC_1785_EMONTAGU_SS	#SS	Mrs M Montagu
BC_1785_EMONTAGU_SS	#SS	Mr Raikes
BC_1785_EMONTAGU_SS	#SS	Mrs Fawkener
BC_1785_EMONTAGU_SS	#SS	Mrs Poyntz
BC_1785_EMONTAGU_SS	#SS	Mrs Poyntz
BC_1785_EMONTAGU_SS	#SS	Lady Corke
BC_1785_EMONTAGU_SS	#SS	Mrs F
BC_1785_EMONTAGU_SS	#SS	Duchess of Athol
BC_1785_EMONTAGU_SS	#SS	Mr Mrs Smelt
BC_1785_EMONTAGU_SS	#SS	Mrs Smelt
BC_1785_EMONTAGU_SS	#SS	Miss Arnold
BC_1785_EMONTAGU_SS	#SS	Miss Pocklington
BC_1786_EMONTAGU_SS_1	#SS	Mrs Jordan
BC_1786_EMONTAGU_SS_1	#SS	Mrs Siddons
BC_1786_EMONTAGU_SS_1	#SS	Mrs Jordan
BC_1786_EMONTAGU_SS_1	#SS	Mrs Jordan
BC_1786_EMONTAGU_SS_1	#SS	Sir Anthony
BC_1786_EMONTAGU_SS_1	#SS	Mrs Jordan
BC_1786_EMONTAGU_SS_1	#SS	Lord Sandwich
BC_1786_EMONTAGU_SS_1	#SS	Mrs Jordan
BC_1786_EMONTAGU_SS_1	#SS	Miss Hoyden
BC_1786_EMONTAGU_SS_1	#SS	Mr Jerningham
BC_1786_EMONTAGU_SS_1	#SS	Lady Jerningham
BC_1786_EMONTAGU_SS_1	#SS	Sir Joseph
BC_1786_EMONTAGU_SS_1	#SS	Lady Banke
BC_1786_EMONTAGU_SS_1	#SS	Mr Lockh
BC_1786_EMONTAGU_SS_1	#SS	Mr Mrs Freeman
BC_1786_EMONTAGU_SS_1	#SS	Mrs Freeman
BC_1786_EMONTAGU_SS_1	#SS	Miss Arnold
BC_1786_EMONTAGU_SS_1	#SS	Duchess of Beaufort
BC_1786_EMONTAGU_SS_1	#SS	Lady Salisbury
BC_1786_EMONTAGU_SS_1	#SS	Lady Fitzwilliam
BC_1786_EMONTAGU_SS_2	#SS	Mr Pitt
BC_1786_EMONTAGU_SS_2	#SS	Miss Barwell
BC_1786_EMONTAGU_SS_2	#SS	Miss Barwell
BC_1786_EMONTAGU_SS_2	#SS	Mrs Gordon
BC_1786_EMONTAGU_SS_2	#SS	Mr Barwell
BC_1786_EMONTAGU_SS_2	#SS	Dr Monro
BC_1786_EMONTAGU_SS_2	#SS	Mr Barwell
BC_1786_EMONTAGU_SS_2	#SS	Mr Botham
BC_1786_EMONTAGU_SS_2	#SS	Lord Maccartney
BC_1786_EMONTAGU_SS_2	#SS	Lady Maccartney
BC_1786_EMONTAGU_SS_2	#SS	Mr Hastings
BC_1786_EMONTAGU_SS_2	#SS	Sir William
BC_1786_EMONTAGU_SS_2	#SS	Mrs Montagu
BC_1786_EMONTAGU_SS_2	#SS	Lord Primate
BC_1786_EMONTAGU_SS_2	#SS	Miss Frances Bowdler
BC_1786_EMONTAGU_SS_2	#SS	Mr Raikes
BC_1786_EMONTAGU_SS_2	#SS	Miss Arnold
BC_1786_EMONTAGU_SS_2	#SS	Mr Freeman
BC_1786_EMONTAGU_SS_3	#SS	Mr Smelt
BC_1786_EMONTAGU_SS_3	#SS	Dr Denham
BC_1786_EMONTAGU_SS_3	#SS	Dr Denham
BC_1786_EMONTAGU_SS_3	#SS	Mr Smelt
BC_1786_EMONTAGU_SS_3	#SS	Mrs Fitzherbert
BC_1786_EMONTAGU_SS_3	#SS	Miss Willock
BC_1786_EMONTAGU_SS_3	#SS	Mrs Wilkes
BC_1786_EMONTAGU_SS_3	#SS	Miss Wilkes
BC_1786_EMONTAGU_SS_3	#SS	Mr Smelt
BC_1786_EMONTAGU_SS_3	#SS	Mr Smelt
BC_1786_EMONTAGU_SS_3	#SS	Mr Mrs Freeman
BC_1786_EMONTAGU_SS_3	#SS	Mrs Freeman
BC_1787_EMONTAGU_EV	#EV	Sir William Robinson
BC_1787_EMONTAGU_EV	#EV	Lord Primate
BC_1787_EMONTAGU_EV	#EV	Sir William
BC_1787_EMONTAGU_EV	#EV	Sir William
BC_1787_EMONTAGU_EV	#EV	Mrs Alison
BC_1787_EMONTAGU_EV	#EV	Mr William Gregory
BC_1787_EMONTAGU_EV	#EV	Lady Clermont
BC_1787_EMONTAGU_EV	#EV	Lady Spencer
BC_1787_EMONTAGU_EV	#EV	Mr Poyntz
BC_1787_EMONTAGU_EV	#EV	Mrs Poyntz
BC_1787_EMONTAGU_EV	#EV	Mrs Poyntz
BC_1787_EMONTAGU_EV	#EV	Mrs M Montagu
BC_1787_EMONTAGU_EV	#EV	Mrs M Montagu
BC_1787_EMONTAGU_EV	#EV	Mrs Handcock
BC_1787_EMONTAGU_EV	#EV	Lord Lady Cremorne
BC_1787_EMONTAGU_EV	#EV	Lady Cremorne
BC_1787_EMONTAGU_EV	#EV	Lord Mansfield
BC_178x_EMONTAGU_EC	#EC	Mr Annesly
BC_178x_EMONTAGU_EC	#EC	Lady Valentia
BC_178x_EMONTAGU_EC	#EC	Lord Cremorne
BC_178x_EMONTAGU_EC	#EC	Lord Cornwalli
BC_178x_EMONTAGU_EC	#EC	Mrs Pennington
BC_1790_EMONTAGU_SS	#SS	Miss Arnold
BC_1790_EMONTAGU_SS	#SS	Lord Primate
BC_1790_EMONTAGU_SS	#SS	Sir Joshua Reynolds
BC_1790_EMONTAGU_SS	#SS	Mr Freeman
BC_1790_EMONTAGU_SS	#SS	Lord Chatham
BC_1790_EMONTAGU_SS	#SS	Lord Belgrave
BC_1790_EMONTAGU_SS	#SS	Mrs Boscawen
BC_1790_EMONTAGU_SS	#SS	Mrs Price
BC_1790_EMONTAGU_SS	#SS	Miss Price
BC_1790_EMONTAGU_SS	#SS	Mrs Levinson
BC_1790_EMONTAGU_SS	#SS	Mr Mrs Raikes
BC_1790_EMONTAGU_SS	#SS	Mrs Raikes
BC_1790_EMONTAGU_SS	#SS	Miss Arnold
BC_1790_EMONTAGU_SS	#SS	Miss Bowdler
BC_1790_EMONTAGU_SS	#SS	Mr Pitt
BC_1790_EMONTAGU_SS	#SS	Miss Vannick
BC_1790_EMONTAGU_SS	#SS	Lady Valletort
BC_1790_EMONTAGU_SS	#SS	Lord Stanhope
BC_1790_EMONTAGU_SS	#SS	Lord Hardwicke
BC_1790_EMONTAGU_SS	#SS	Mr Sloane
BC_1790_EMONTAGU_SS	#SS	Sir William Robinson
BC_1790_EMONTAGU_SS	#SS	Lord Lady Hardwick
BC_1790_EMONTAGU_SS	#SS	Lady Hardwick
BC_1790_EMONTAGU_SS	#SS	Mrs Boscawen
BC_17xx_EMONTAGU_EV_1	#EV	Lady Primrose
BC_17xx_EMONTAGU_EV_1	#EV	Lady Primrose
BC_17xx_EMONTAGU_EV_1	#EV	Mrs Carter
BC_17xx_EMONTAGU_EV_10	#EV	Mr Vesey
BC_17xx_EMONTAGU_EV_10	#EV	Lord Palmerstown
BC_17xx_EMONTAGU_EV_11	#EV	Mrs Vesey
BC_17xx_EMONTAGU_EV_11	#EV	Mr Vesey
BC_17xx_EMONTAGU_EV_11	#EV	Mrs Vesey
BC_17xx_EMONTAGU_EV_12	#EV	Lord of Bedford
BC_17xx_EMONTAGU_EV_12	#EV	Lord Sandwich
BC_17xx_EMONTAGU_EV_12	#EV	Mr Cambridge
BC_17xx_EMONTAGU_EV_12	#EV	Mr Cambridge
BC_17xx_EMONTAGU_EV_12	#EV	Mr Cambridge
BC_17xx_EMONTAGU_EV_12	#EV	Mr Cambridge
BC_17xx_EMONTAGU_EV_2	#EV	Mrs Hancock
BC_17xx_EMONTAGU_EV_4	#EV	Mr Mrs Vesey
BC_17xx_EMONTAGU_EV_4	#EV	Mrs Vesey
BC_17xx_EMONTAGU_EV_4	#EV	Mrs Montagu
BC_17xx_EMONTAGU_EV_4	#EV	Mrs Vesey
BC_17xx_EMONTAGU_EV_4	#EV	Mrs Carter
BC_17xx_EMONTAGU_EV_5	#EV	Mrs Hancock
BC_17xx_EMONTAGU_EV_6	#EV	Mr Mrs Vesey
BC_17xx_EMONTAGU_EV_6	#EV	Mrs Vesey
BC_17xx_EMONTAGU_EV_6	#EV	Mrs Pitt
BC_17xx_EMONTAGU_EV_7	#EV	Mrs Hancock
BC_17xx_EMONTAGU_EV_7	#EV	Mrs Fry
BC_17xx_EMONTAGU_EV_8	#EV	Mr Montagu
BC_17xx_EMONTAGU_EV_8	#EV	Mr Vesey
BC_17xx_EMONTAGU_EV_9	#EV	Lord Cardigan
BC_17xx_EMONTAGU_EV_9	#EV	Lady Betty Montagu
BC_17xx_EMONTAGU_EV_9	#EV	Mrs Carter
BC_17xx_EMONTAGU_EV_9	#EV	Lady Mayoress
